LocalTime, GPSTime, ESSID, BSSID, Power, Security, Latitude, Longitude, Latitude Error, Longitude Error, Type
2025-09-19 05:17:19,1900-01-00 00:00:00,,90:09:D0:6F:D7:FA,-75, ,0.000000,0.000000,0.000,0.000,AP
2025-09-19 05:17:19,1900-01-00 00:00:00,33385A,90:09:D0:6F:D7:FA,-79, WPA2 ,0.000000,0.000000,0.000,0.000,AP
2025-09-19 05:17:19,1900-01-00 00:00:00,33385A,90:09:D0:6F:D7:FA,-79, WPA2 ,0.000000,0.000000,0.000,0.000,AP
2025-09-19 05:17:19,1900-01-00 00:00:00,33385A,90:09:D0:6F:D7:FA,-77, WPA2 ,0.000000,0.000000,0.000,0.000,AP
2025-09-19 05:17:19,1900-01-00 00:00:00,33385A,90:09:D0:6F:D7:FA,-75, WPA2 ,0.000000,0.000000,0.000,0.000,AP
2025-09-19 05:17:20,1900-01-00 00:00:00,33385A,90:09:D0:6F:D7:FA,-79, WPA2 ,0.000000,0.000000,0.000,0.000,AP
2025-09-19 05:17:20,1900-01-00 00:00:00,33385A,90:09:D0:6F:D7:FA,-79, WPA2 ,0.000000,0.000000,0.000,0.000,AP
2025-09-19 05:17:20,1900-01-00 00:00:00,33385A,90:09:D0:6F:D7:FA,-79, WPA2 ,0.000000,0.000000,0.000,0.000,AP
2025-09-19 05:17:20,1900-01-00 00:00:00,33385A,90:09:D0:6F:D7:FA,-79, WPA2 ,0.000000,0.000000,0.000,0.000,AP
2025-09-19 05:17:20,1900-01-00 00:00:00,33385A,90:09:D0:6F:D7:FA,-77, WPA2 ,0.000000,0.000000,0.000,0.000,AP
2025-09-19 05:17:20,1900-01-00 00:00:00,33385A,90:09:D0:6F:D7:FA,-75, WPA2 ,0.000000,0.000000,0.000,0.000,AP
2025-09-19 05:17:20,1900-01-00 00:00:00,33385A,90:09:D0:6F:D7:FA,-75, WPA2 ,0.000000,0.000000,0.000,0.000,AP
2025-09-19 05:17:20,1900-01-00 00:00:00,33385A,90:09:D0:6F:D7:FA,-75, WPA2 ,0.000000,0.000000,0.000,0.000,AP
2025-09-19 05:17:20,1900-01-00 00:00:00,33385A,90:09:D0:6F:D7:FA,-75, WPA2 ,0.000000,0.000000,0.000,0.000,AP
2025-09-19 05:17:20,1900-01-00 00:00:00,33385A,90:09:D0:6F:D7:FA,-75, WPA2 ,0.000000,0.000000,0.000,0.000,AP
2025-09-19 05:17:20,1900-01-00 00:00:00,33385A,90:09:D0:6F:D7:FA,-75, WPA2 ,0.000000,0.000000,0.000,0.000,AP
2025-09-19 05:17:21,1900-01-00 00:00:00,33385A,90:09:D0:6F:D7:FA,-75, WPA2 ,0.000000,0.000000,0.000,0.000,AP
2025-09-19 05:17:21,1900-01-00 00:00:00,33385A,90:09:D0:6F:D7:FA,-79, WPA2 ,0.000000,0.000000,0.000,0.000,AP
2025-09-19 05:17:21,1900-01-00 00:00:00,33385A,90:09:D0:6F:D7:FA,-75, WPA2 ,0.000000,0.000000,0.000,0.000,AP
2025-09-19 05:17:21,1900-01-00 00:00:00,,0C:B8:15:5A:4C:EC,-74,,0.000000,0.000000,0.000,0.000,Client
2025-09-19 05:17:21,1900-01-00 00:00:00,33385A,90:09:D0:6F:D7:FA,-75, WPA2 ,0.000000,0.000000,0.000,0.000,AP
2025-09-19 05:17:21,1900-01-00 00:00:00,33385A,90:09:D0:6F:D7:FA,-75, WPA2 ,0.000000,0.000000,0.000,0.000,AP
2025-09-19 05:17:21,1900-01-00 00:00:00,,58:BF:25:93:C4:08,-90,,0.000000,0.000000,0.000,0.000,Client
2025-09-19 05:17:21,1900-01-00 00:00:00,,0C:B8:15:5A:4C:EC,-74,,0.000000,0.000000,0.000,0.000,Client
2025-09-19 05:17:21,1900-01-00 00:00:00,33385A,90:09:D0:6F:D7:FA,-75, WPA2 ,0.000000,0.000000,0.000,0.000,AP
2025-09-19 05:17:21,1900-01-00 00:00:00,,0C:B8:15:5A:4C:EC,-74,,0.000000,0.000000,0.000,0.000,Client
2025-09-19 05:17:21,1900-01-00 00:00:00,33385A,90:09:D0:6F:D7:FA,-79, WPA2 ,0.000000,0.000000,0.000,0.000,AP
2025-09-19 05:17:21,1900-01-00 00:00:00,33385A,90:09:D0:6F:D7:FA,-75, WPA2 ,0.000000,0.000000,0.000,0.000,AP
2025-09-19 05:17:21,1900-01-00 00:00:00,33385A,90:09:D0:6F:D7:FA,-75, WPA2 ,0.000000,0.000000,0.000,0.000,AP
2025-09-19 05:17:22,1900-01-00 00:00:00,33385A,90:09:D0:6F:D7:FA,-79, WPA2 ,0.000000,0.000000,0.000,0.000,AP
2025-09-19 05:17:22,1900-01-00 00:00:00,33385A,90:09:D0:6F:D7:FA,-75, WPA2 ,0.000000,0.000000,0.000,0.000,AP
2025-09-19 05:17:22,1900-01-00 00:00:00,33385A,90:09:D0:6F:D7:FA,-75, WPA2 ,0.000000,0.000000,0.000,0.000,AP
2025-09-19 05:17:22,1900-01-00 00:00:00,33385A,90:09:D0:6F:D7:FA,-75, WPA2 ,0.000000,0.000000,0.000,0.000,AP
2025-09-19 05:17:22,1900-01-00 00:00:00,,0C:B8:15:5A:4C:EC,-74,,0.000000,0.000000,0.000,0.000,Client
2025-09-19 05:17:22,1900-01-00 00:00:00,33385A,90:09:D0:6F:D7:FA,-75, WPA2 ,0.000000,0.000000,0.000,0.000,AP
2025-09-19 05:17:22,1900-01-00 00:00:00,33385A,90:09:D0:6F:D7:FA,-77, WPA2 ,0.000000,0.000000,0.000,0.000,AP
2025-09-19 05:17:22,1900-01-00 00:00:00,33385A,90:09:D0:6F:D7:FA,-77, WPA2 ,0.000000,0.000000,0.000,0.000,AP
2025-09-19 05:17:22,1900-01-00 00:00:00,33385A,90:09:D0:6F:D7:FA,-75, WPA2 ,0.000000,0.000000,0.000,0.000,AP
2025-09-19 05:17:23,1900-01-00 00:00:00,33385A,90:09:D0:6F:D7:FA,-75, WPA2 ,0.000000,0.000000,0.000,0.000,AP
2025-09-19 05:17:23,1900-01-00 00:00:00,33385A,90:09:D0:6F:D7:FA,-75, WPA2 ,0.000000,0.000000,0.000,0.000,AP
2025-09-19 05:17:23,1900-01-00 00:00:00,33385A,90:09:D0:6F:D7:FA,-75, WPA2 ,0.000000,0.000000,0.000,0.000,AP
2025-09-19 05:17:23,1900-01-00 00:00:00,33385A,90:09:D0:6F:D7:FA,-75, WPA2 ,0.000000,0.000000,0.000,0.000,AP
2025-09-19 05:17:23,1900-01-00 00:00:00,33385A,90:09:D0:6F:D7:FA,-75, WPA2 ,0.000000,0.000000,0.000,0.000,AP
2025-09-19 05:17:23,1900-01-00 00:00:00,33385A,90:09:D0:6F:D7:FA,-79, WPA2 ,0.000000,0.000000,0.000,0.000,AP
2025-09-19 05:17:23,1900-01-00 00:00:00,33385A,90:09:D0:6F:D7:FA,-79, WPA2 ,0.000000,0.000000,0.000,0.000,AP
2025-09-19 05:17:24,1900-01-00 00:00:00,33385A,90:09:D0:6F:D7:FA,-79, WPA2 ,0.000000,0.000000,0.000,0.000,AP
2025-09-19 05:17:24,1900-01-00 00:00:00,33385A,90:09:D0:6F:D7:FA,-75, WPA2 ,0.000000,0.000000,0.000,0.000,AP
2025-09-19 05:17:24,1900-01-00 00:00:00,33385A,90:09:D0:6F:D7:FA,-75, WPA2 ,0.000000,0.000000,0.000,0.000,AP
2025-09-19 05:17:24,1900-01-00 00:00:00,33385A,90:09:D0:6F:D7:FA,-79, WPA2 ,0.000000,0.000000,0.000,0.000,AP
2025-09-19 05:17:24,1900-01-00 00:00:00,33385A,90:09:D0:6F:D7:FA,-77, WPA2 ,0.000000,0.000000,0.000,0.000,AP
2025-09-19 05:17:24,1900-01-00 00:00:00,33385A,90:09:D0:6F:D7:FA,-75, WPA2 ,0.000000,0.000000,0.000,0.000,AP
2025-09-19 05:17:24,1900-01-00 00:00:00,33385A,90:09:D0:6F:D7:FA,-75, WPA2 ,0.000000,0.000000,0.000,0.000,AP
2025-09-19 05:17:25,1900-01-00 00:00:00,33385A,90:09:D0:6F:D7:FA,-75, WPA2 ,0.000000,0.000000,0.000,0.000,AP
2025-09-19 05:17:25,1900-01-00 00:00:00,33385A,90:09:D0:6F:D7:FA,-79, WPA2 ,0.000000,0.000000,0.000,0.000,AP
2025-09-19 05:17:25,1900-01-00 00:00:00,33385A,90:09:D0:6F:D7:FA,-75, WPA2 ,0.000000,0.000000,0.000,0.000,AP
2025-09-19 05:17:25,1900-01-00 00:00:00,33385A,90:09:D0:6F:D7:FA,-77, WPA2 ,0.000000,0.000000,0.000,0.000,AP
2025-09-19 05:17:25,1900-01-00 00:00:00,33385A,90:09:D0:6F:D7:FA,-75, WPA2 ,0.000000,0.000000,0.000,0.000,AP
2025-09-19 05:17:25,1900-01-00 00:00:00,33385A,90:09:D0:6F:D7:FA,-75, WPA2 ,0.000000,0.000000,0.000,0.000,AP
2025-09-19 05:17:25,1900-01-00 00:00:00,,0C:B8:15:5A:4C:EC,-74,,0.000000,0.000000,0.000,0.000,Client
2025-09-19 05:17:25,1900-01-00 00:00:00,33385A,90:09:D0:6F:D7:FA,-77, WPA2 ,0.000000,0.000000,0.000,0.000,AP
2025-09-19 05:17:25,1900-01-00 00:00:00,33385A,90:09:D0:6F:D7:FA,-75, WPA2 ,0.000000,0.000000,0.000,0.000,AP
2025-09-19 05:17:25,1900-01-00 00:00:00,33385A,90:09:D0:6F:D7:FA,-75, WPA2 ,0.000000,0.000000,0.000,0.000,AP
2025-09-19 05:17:26,1900-01-00 00:00:00,33385A,90:09:D0:6F:D7:FA,-75, WPA2 ,0.000000,0.000000,0.000,0.000,AP
2025-09-19 05:17:26,1900-01-00 00:00:00,,C4:DE:E2:5C:DE:1C,-83,,0.000000,0.000000,0.000,0.000,Client
2025-09-19 05:17:26,1900-01-00 00:00:00,33385A,90:09:D0:6F:D7:FA,-75, WPA2 ,0.000000,0.000000,0.000,0.000,AP
2025-09-19 05:17:26,1900-01-00 00:00:00,,C4:DE:E2:5C:DE:1C,-83,,0.000000,0.000000,0.000,0.000,Client
2025-09-19 05:17:26,1900-01-00 00:00:00,,C4:DE:E2:5C:DE:1C,-83,,0.000000,0.000000,0.000,0.000,Client
2025-09-19 05:17:26,1900-01-00 00:00:00,33385A,90:09:D0:6F:D7:FA,-75, WPA2 ,0.000000,0.000000,0.000,0.000,AP
2025-09-19 05:17:26,1900-01-00 00:00:00,33385A,90:09:D0:6F:D7:FA,-75, WPA2 ,0.000000,0.000000,0.000,0.000,AP
2025-09-19 05:17:26,1900-01-00 00:00:00,33385A,90:09:D0:6F:D7:FA,-75, WPA2 ,0.000000,0.000000,0.000,0.000,AP
2025-09-19 05:17:26,1900-01-00 00:00:00,33385A,90:09:D0:6F:D7:FA,-75, WPA2 ,0.000000,0.000000,0.000,0.000,AP
2025-09-19 05:17:26,1900-01-00 00:00:00,33385A,90:09:D0:6F:D7:FA,-75, WPA2 ,0.000000,0.000000,0.000,0.000,AP
2025-09-19 05:17:26,1900-01-00 00:00:00,33385A,90:09:D0:6F:D7:FA,-75, WPA2 ,0.000000,0.000000,0.000,0.000,AP
2025-09-19 05:17:26,1900-01-00 00:00:00,33385A,90:09:D0:6F:D7:FA,-75, WPA2 ,0.000000,0.000000,0.000,0.000,AP
2025-09-19 05:17:27,1900-01-00 00:00:00,33385A,90:09:D0:6F:D7:FA,-79, WPA2 ,0.000000,0.000000,0.000,0.000,AP
2025-09-19 05:17:27,1900-01-00 00:00:00,33385A,90:09:D0:6F:D7:FA,-75, WPA2 ,0.000000,0.000000,0.000,0.000,AP
2025-09-19 05:17:27,1900-01-00 00:00:00,33385A,90:09:D0:6F:D7:FA,-79, WPA2 ,0.000000,0.000000,0.000,0.000,AP
2025-09-19 05:17:27,1900-01-00 00:00:00,33385A,90:09:D0:6F:D7:FA,-77, WPA2 ,0.000000,0.000000,0.000,0.000,AP
2025-09-19 05:17:27,1900-01-00 00:00:00,33385A,90:09:D0:6F:D7:FA,-75, WPA2 ,0.000000,0.000000,0.000,0.000,AP
2025-09-19 05:17:27,1900-01-00 00:00:00,33385A,90:09:D0:6F:D7:FA,-75, WPA2 ,0.000000,0.000000,0.000,0.000,AP
2025-09-19 05:17:27,1900-01-00 00:00:00,33385A,90:09:D0:6F:D7:FA,-77, WPA2 ,0.000000,0.000000,0.000,0.000,AP
2025-09-19 05:17:27,1900-01-00 00:00:00,33385A,90:09:D0:6F:D7:FA,-75, WPA2 ,0.000000,0.000000,0.000,0.000,AP
2025-09-19 05:17:27,1900-01-00 00:00:00,33385A,90:09:D0:6F:D7:FA,-75, WPA2 ,0.000000,0.000000,0.000,0.000,AP
2025-09-19 05:17:28,1900-01-00 00:00:00,33385A,90:09:D0:6F:D7:FA,-75, WPA2 ,0.000000,0.000000,0.000,0.000,AP
2025-09-19 05:17:28,1900-01-00 00:00:00,33385A,90:09:D0:6F:D7:FA,-79, WPA2 ,0.000000,0.000000,0.000,0.000,AP
2025-09-19 05:17:28,1900-01-00 00:00:00,33385A,90:09:D0:6F:D7:FA,-75, WPA2 ,0.000000,0.000000,0.000,0.000,AP
2025-09-19 05:17:28,1900-01-00 00:00:00,33385A,90:09:D0:6F:D7:FA,-75, WPA2 ,0.000000,0.000000,0.000,0.000,AP
2025-09-19 05:17:28,1900-01-00 00:00:00,33385A,90:09:D0:6F:D7:FA,-77, WPA2 ,0.000000,0.000000,0.000,0.000,AP
2025-09-19 05:17:28,1900-01-00 00:00:00,33385A,90:09:D0:6F:D7:FA,-77, WPA2 ,0.000000,0.000000,0.000,0.000,AP
2025-09-19 05:17:28,1900-01-00 00:00:00,33385A,90:09:D0:6F:D7:FA,-75, WPA2 ,0.000000,0.000000,0.000,0.000,AP
2025-09-19 05:17:28,1900-01-00 00:00:00,33385A,90:09:D0:6F:D7:FA,-75, WPA2 ,0.000000,0.000000,0.000,0.000,AP
2025-09-19 05:17:28,1900-01-00 00:00:00,33385A,90:09:D0:6F:D7:FA,-75, WPA2 ,0.000000,0.000000,0.000,0.000,AP
2025-09-19 05:17:29,1900-01-00 00:00:00,33385A,90:09:D0:6F:D7:FA,-77, WPA2 ,0.000000,0.000000,0.000,0.000,AP
2025-09-19 05:17:29,1900-01-00 00:00:00,33385A,90:09:D0:6F:D7:FA,-75, WPA2 ,0.000000,0.000000,0.000,0.000,AP
2025-09-19 05:17:29,1900-01-00 00:00:00,33385A,90:09:D0:6F:D7:FA,-79, WPA2 ,0.000000,0.000000,0.000,0.000,AP
2025-09-19 05:17:29,1900-01-00 00:00:00,33385A,90:09:D0:6F:D7:FA,-75, WPA2 ,0.000000,0.000000,0.000,0.000,AP
2025-09-19 05:17:29,1900-01-00 00:00:00,33385A,90:09:D0:6F:D7:FA,-75, WPA2 ,0.000000,0.000000,0.000,0.000,AP
2025-09-19 05:17:29,1900-01-00 00:00:00,33385A,90:09:D0:6F:D7:FA,-75, WPA2 ,0.000000,0.000000,0.000,0.000,AP
2025-09-19 05:17:29,1900-01-00 00:00:00,33385A,90:09:D0:6F:D7:FA,-75, WPA2 ,0.000000,0.000000,0.000,0.000,AP
2025-09-19 05:17:29,1900-01-00 00:00:00,33385A,90:09:D0:6F:D7:FA,-75, WPA2 ,0.000000,0.000000,0.000,0.000,AP
2025-09-19 05:17:29,1900-01-00 00:00:00,33385A,90:09:D0:6F:D7:FA,-75, WPA2 ,0.000000,0.000000,0.000,0.000,AP
2025-09-19 05:17:29,1900-01-00 00:00:00,33385A,90:09:D0:6F:D7:FA,-75, WPA2 ,0.000000,0.000000,0.000,0.000,AP
2025-09-19 05:17:29,1900-01-00 00:00:00,33385A,90:09:D0:6F:D7:FA,-75, WPA2 ,0.000000,0.000000,0.000,0.000,AP
2025-09-19 05:17:29,1900-01-00 00:00:00,33385A,90:09:D0:6F:D7:FA,-75, WPA2 ,0.000000,0.000000,0.000,0.000,AP
2025-09-19 05:17:29,1900-01-00 00:00:00,33385A,90:09:D0:6F:D7:FA,-75, WPA2 ,0.000000,0.000000,0.000,0.000,AP
2025-09-19 05:17:29,1900-01-00 00:00:00,33385A,90:09:D0:6F:D7:FA,-75, WPA2 ,0.000000,0.000000,0.000,0.000,AP
2025-09-19 05:17:29,1900-01-00 00:00:00,33385A,90:09:D0:6F:D7:FA,-75, WPA2 ,0.000000,0.000000,0.000,0.000,AP
2025-09-19 05:17:29,1900-01-00 00:00:00,33385A,90:09:D0:6F:D7:FA,-75, WPA2 ,0.000000,0.000000,0.000,0.000,AP
2025-09-19 05:17:29,1900-01-00 00:00:00,33385A,90:09:D0:6F:D7:FA,-75, WPA2 ,0.000000,0.000000,0.000,0.000,AP
2025-09-19 05:17:29,1900-01-00 00:00:00,33385A,90:09:D0:6F:D7:FA,-75, WPA2 ,0.000000,0.000000,0.000,0.000,AP
2025-09-19 05:17:29,1900-01-00 00:00:00,33385A,90:09:D0:6F:D7:FA,-75, WPA2 ,0.000000,0.000000,0.000,0.000,AP
2025-09-19 05:17:29,1900-01-00 00:00:00,33385A,90:09:D0:6F:D7:FA,-75, WPA2 ,0.000000,0.000000,0.000,0.000,AP
2025-09-19 05:17:29,1900-01-00 00:00:00,33385A,90:09:D0:6F:D7:FA,-75, WPA2 ,0.000000,0.000000,0.000,0.000,AP
2025-09-19 05:17:29,1900-01-00 00:00:00,33385A,90:09:D0:6F:D7:FA,-75, WPA2 ,0.000000,0.000000,0.000,0.000,AP
2025-09-19 05:17:29,1900-01-00 00:00:00,33385A,90:09:D0:6F:D7:FA,-75, WPA2 ,0.000000,0.000000,0.000,0.000,AP
2025-09-19 05:17:29,1900-01-00 00:00:00,33385A,90:09:D0:6F:D7:FA,-75, WPA2 ,0.000000,0.000000,0.000,0.000,AP
2025-09-19 05:17:29,1900-01-00 00:00:00,33385A,90:09:D0:6F:D7:FA,-75, WPA2 ,0.000000,0.000000,0.000,0.000,AP
2025-09-19 05:17:29,1900-01-00 00:00:00,33385A,90:09:D0:6F:D7:FA,-75, WPA2 ,0.000000,0.000000,0.000,0.000,AP
2025-09-19 05:17:29,1900-01-00 00:00:00,33385A,90:09:D0:6F:D7:FA,-75, WPA2 ,0.000000,0.000000,0.000,0.000,AP
2025-09-19 05:17:29,1900-01-00 00:00:00,33385A,90:09:D0:6F:D7:FA,-75, WPA2 ,0.000000,0.000000,0.000,0.000,AP
2025-09-19 05:17:29,1900-01-00 00:00:00,33385A,90:09:D0:6F:D7:FA,-75, WPA2 ,0.000000,0.000000,0.000,0.000,AP
2025-09-19 05:17:29,1900-01-00 00:00:00,33385A,90:09:D0:6F:D7:FA,-75, WPA2 ,0.000000,0.000000,0.000,0.000,AP
2025-09-19 05:17:29,1900-01-00 00:00:00,33385A,90:09:D0:6F:D7:FA,-75, WPA2 ,0.000000,0.000000,0.000,0.000,AP
2025-09-19 05:17:29,1900-01-00 00:00:00,33385A,90:09:D0:6F:D7:FA,-75, WPA2 ,0.000000,0.000000,0.000,0.000,AP
2025-09-19 05:17:29,1900-01-00 00:00:00,33385A,90:09:D0:6F:D7:FA,-75, WPA2 ,0.000000,0.000000,0.000,0.000,AP
2025-09-19 05:17:29,1900-01-00 00:00:00,33385A,90:09:D0:6F:D7:FA,-75, WPA2 ,0.000000,0.000000,0.000,0.000,AP
2025-09-19 05:17:29,1900-01-00 00:00:00,33385A,90:09:D0:6F:D7:FA,-75, WPA2 ,0.000000,0.000000,0.000,0.000,AP
2025-09-19 05:17:29,1900-01-00 00:00:00,33385A,90:09:D0:6F:D7:FA,-75, WPA2 ,0.000000,0.000000,0.000,0.000,AP
2025-09-19 05:17:29,1900-01-00 00:00:00,33385A,90:09:D0:6F:D7:FA,-75, WPA2 ,0.000000,0.000000,0.000,0.000,AP
2025-09-19 05:17:29,1900-01-00 00:00:00,33385A,90:09:D0:6F:D7:FA,-75, WPA2 ,0.000000,0.000000,0.000,0.000,AP
2025-09-19 05:17:29,1900-01-00 00:00:00,33385A,90:09:D0:6F:D7:FA,-75, WPA2 ,0.000000,0.000000,0.000,0.000,AP
2025-09-19 05:17:29,1900-01-00 00:00:00,33385A,90:09:D0:6F:D7:FA,-75, WPA2 ,0.000000,0.000000,0.000,0.000,AP
2025-09-19 05:17:29,1900-01-00 00:00:00,33385A,90:09:D0:6F:D7:FA,-75, WPA2 ,0.000000,0.000000,0.000,0.000,AP
2025-09-19 05:17:29,1900-01-00 00:00:00,33385A,90:09:D0:6F:D7:FA,-75, WPA2 ,0.000000,0.000000,0.000,0.000,AP
2025-09-19 05:17:29,1900-01-00 00:00:00,33385A,90:09:D0:6F:D7:FA,-75, WPA2 ,0.000000,0.000000,0.000,0.000,AP
2025-09-19 05:17:29,1900-01-00 00:00:00,33385A,90:09:D0:6F:D7:FA,-75, WPA2 ,0.000000,0.000000,0.000,0.000,AP
2025-09-19 05:17:29,1900-01-00 00:00:00,33385A,90:09:D0:6F:D7:FA,-75, WPA2 ,0.000000,0.000000,0.000,0.000,AP
2025-09-19 05:17:29,1900-01-00 00:00:00,33385A,90:09:D0:6F:D7:FA,-75, WPA2 ,0.000000,0.000000,0.000,0.000,AP
2025-09-19 05:17:29,1900-01-00 00:00:00,33385A,90:09:D0:6F:D7:FA,-75, WPA2 ,0.000000,0.000000,0.000,0.000,AP
2025-09-19 05:17:29,1900-01-00 00:00:00,33385A,90:09:D0:6F:D7:FA,-75, WPA2 ,0.000000,0.000000,0.000,0.000,AP
2025-09-19 05:17:29,1900-01-00 00:00:00,33385A,90:09:D0:6F:D7:FA,-75, WPA2 ,0.000000,0.000000,0.000,0.000,AP
2025-09-19 05:17:29,1900-01-00 00:00:00,33385A,90:09:D0:6F:D7:FA,-75, WPA2 ,0.000000,0.000000,0.000,0.000,AP
2025-09-19 05:17:29,1900-01-00 00:00:00,33385A,90:09:D0:6F:D7:FA,-75, WPA2 ,0.000000,0.000000,0.000,0.000,AP
2025-09-19 05:17:29,1900-01-00 00:00:00,33385A,90:09:D0:6F:D7:FA,-75, WPA2 ,0.000000,0.000000,0.000,0.000,AP
2025-09-19 05:17:29,1900-01-00 00:00:00,33385A,90:09:D0:6F:D7:FA,-75, WPA2 ,0.000000,0.000000,0.000,0.000,AP
2025-09-19 05:17:29,1900-01-00 00:00:00,33385A,90:09:D0:6F:D7:FA,-75, WPA2 ,0.000000,0.000000,0.000,0.000,AP
2025-09-19 05:17:29,1900-01-00 00:00:00,33385A,90:09:D0:6F:D7:FA,-75, WPA2 ,0.000000,0.000000,0.000,0.000,AP
2025-09-19 05:17:29,1900-01-00 00:00:00,33385A,90:09:D0:6F:D7:FA,-75, WPA2 ,0.000000,0.000000,0.000,0.000,AP
2025-09-19 05:17:29,1900-01-00 00:00:00,33385A,90:09:D0:6F:D7:FA,-75, WPA2 ,0.000000,0.000000,0.000,0.000,AP
2025-09-19 05:17:29,1900-01-00 00:00:00,33385A,90:09:D0:6F:D7:FA,-75, WPA2 ,0.000000,0.000000,0.000,0.000,AP
2025-09-19 05:17:29,1900-01-00 00:00:00,33385A,90:09:D0:6F:D7:FA,-75, WPA2 ,0.000000,0.000000,0.000,0.000,AP
2025-09-19 05:17:29,1900-01-00 00:00:00,33385A,90:09:D0:6F:D7:FA,-75, WPA2 ,0.000000,0.000000,0.000,0.000,AP
2025-09-19 05:17:29,1900-01-00 00:00:00,33385A,90:09:D0:6F:D7:FA,-75, WPA2 ,0.000000,0.000000,0.000,0.000,AP
2025-09-19 05:17:29,1900-01-00 00:00:00,33385A,90:09:D0:6F:D7:FA,-75, WPA2 ,0.000000,0.000000,0.000,0.000,AP
2025-09-19 05:17:29,1900-01-00 00:00:00,33385A,90:09:D0:6F:D7:FA,-75, WPA2 ,0.000000,0.000000,0.000,0.000,AP
2025-09-19 05:17:29,1900-01-00 00:00:00,33385A,90:09:D0:6F:D7:FA,-75, WPA2 ,0.000000,0.000000,0.000,0.000,AP
2025-09-19 05:17:29,1900-01-00 00:00:00,33385A,90:09:D0:6F:D7:FA,-75, WPA2 ,0.000000,0.000000,0.000,0.000,AP
2025-09-19 05:17:29,1900-01-00 00:00:00,33385A,90:09:D0:6F:D7:FA,-75, WPA2 ,0.000000,0.000000,0.000,0.000,AP
2025-09-19 05:17:29,1900-01-00 00:00:00,33385A,90:09:D0:6F:D7:FA,-75, WPA2 ,0.000000,0.000000,0.000,0.000,AP
2025-09-19 05:17:29,1900-01-00 00:00:00,33385A,90:09:D0:6F:D7:FA,-75, WPA2 ,0.000000,0.000000,0.000,0.000,AP
2025-09-19 05:17:29,1900-01-00 00:00:00,33385A,90:09:D0:6F:D7:FA,-75, WPA2 ,0.000000,0.000000,0.000,0.000,AP
2025-09-19 05:17:29,1900-01-00 00:00:00,,C4:DE:E2:5C:DE:1C,-85,,0.000000,0.000000,0.000,0.000,Client
2025-09-19 05:17:29,1900-01-00 00:00:00,,0C:B8:15:5A:4C:EC,-61,,0.000000,0.000000,0.000,0.000,Client
2025-09-19 05:17:29,1900-01-00 00:00:00,33385A,90:09:D0:6F:D7:FA,-79, WPA2 ,0.000000,0.000000,0.000,0.000,AP
2025-09-19 05:17:29,1900-01-00 00:00:00,33385A,90:09:D0:6F:D7:FA,-79, WPA2 ,0.000000,0.000000,0.000,0.000,AP
2025-09-19 05:17:29,1900-01-00 00:00:00,33385A,90:09:D0:6F:D7:FA,-75, WPA2 ,0.000000,0.000000,0.000,0.000,AP
2025-09-19 05:17:29,1900-01-00 00:00:00,33385A,90:09:D0:6F:D7:FA,-75, WPA2 ,0.000000,0.000000,0.000,0.000,AP
2025-09-19 05:17:29,1900-01-00 00:00:00,33385A,90:09:D0:6F:D7:FA,-75, WPA2 ,0.000000,0.000000,0.000,0.000,AP
2025-09-19 05:17:29,1900-01-00 00:00:00,33385A,90:09:D0:6F:D7:FA,-75, WPA2 ,0.000000,0.000000,0.000,0.000,AP
2025-09-19 05:17:29,1900-01-00 00:00:00,33385A,90:09:D0:6F:D7:FA,-75, WPA2 ,0.000000,0.000000,0.000,0.000,AP
2025-09-19 05:17:29,1900-01-00 00:00:00,33385A,90:09:D0:6F:D7:FA,-75, WPA2 ,0.000000,0.000000,0.000,0.000,AP
2025-09-19 05:17:29,1900-01-00 00:00:00,33385A,90:09:D0:6F:D7:FA,-75, WPA2 ,0.000000,0.000000,0.000,0.000,AP
2025-09-19 05:17:29,1900-01-00 00:00:00,33385A,90:09:D0:6F:D7:FA,-75, WPA2 ,0.000000,0.000000,0.000,0.000,AP
2025-09-19 05:17:29,1900-01-00 00:00:00,33385A,90:09:D0:6F:D7:FA,-75, WPA2 ,0.000000,0.000000,0.000,0.000,AP
2025-09-19 05:17:29,1900-01-00 00:00:00,33385A,90:09:D0:6F:D7:FA,-75, WPA2 ,0.000000,0.000000,0.000,0.000,AP
2025-09-19 05:17:29,1900-01-00 00:00:00,33385A,90:09:D0:6F:D7:FA,-75, WPA2 ,0.000000,0.000000,0.000,0.000,AP
2025-09-19 05:17:29,1900-01-00 00:00:00,33385A,90:09:D0:6F:D7:FA,-75, WPA2 ,0.000000,0.000000,0.000,0.000,AP
2025-09-19 05:17:29,1900-01-00 00:00:00,33385A,90:09:D0:6F:D7:FA,-75, WPA2 ,0.000000,0.000000,0.000,0.000,AP
2025-09-19 05:17:29,1900-01-00 00:00:00,33385A,90:09:D0:6F:D7:FA,-75, WPA2 ,0.000000,0.000000,0.000,0.000,AP
2025-09-19 05:17:29,1900-01-00 00:00:00,33385A,90:09:D0:6F:D7:FA,-75, WPA2 ,0.000000,0.000000,0.000,0.000,AP
2025-09-19 05:17:29,1900-01-00 00:00:00,33385A,90:09:D0:6F:D7:FA,-75, WPA2 ,0.000000,0.000000,0.000,0.000,AP
2025-09-19 05:17:29,1900-01-00 00:00:00,33385A,90:09:D0:6F:D7:FA,-75, WPA2 ,0.000000,0.000000,0.000,0.000,AP
2025-09-19 05:17:30,1900-01-00 00:00:00,33385A,90:09:D0:6F:D7:FA,-75, WPA2 ,0.000000,0.000000,0.000,0.000,AP
2025-09-19 05:17:30,1900-01-00 00:00:00,33385A,90:09:D0:6F:D7:FA,-75, WPA2 ,0.000000,0.000000,0.000,0.000,AP
2025-09-19 05:17:30,1900-01-00 00:00:00,33385A,90:09:D0:6F:D7:FA,-75, WPA2 ,0.000000,0.000000,0.000,0.000,AP
2025-09-19 05:17:30,1900-01-00 00:00:00,33385A,90:09:D0:6F:D7:FA,-75, WPA2 ,0.000000,0.000000,0.000,0.000,AP
2025-09-19 05:17:30,1900-01-00 00:00:00,33385A,90:09:D0:6F:D7:FA,-75, WPA2 ,0.000000,0.000000,0.000,0.000,AP
2025-09-19 05:17:30,1900-01-00 00:00:00,33385A,90:09:D0:6F:D7:FA,-75, WPA2 ,0.000000,0.000000,0.000,0.000,AP
2025-09-19 05:17:30,1900-01-00 00:00:00,33385A,90:09:D0:6F:D7:FA,-75, WPA2 ,0.000000,0.000000,0.000,0.000,AP
2025-09-19 05:17:30,1900-01-00 00:00:00,33385A,90:09:D0:6F:D7:FA,-75, WPA2 ,0.000000,0.000000,0.000,0.000,AP
2025-09-19 05:17:30,1900-01-00 00:00:00,33385A,90:09:D0:6F:D7:FA,-75, WPA2 ,0.000000,0.000000,0.000,0.000,AP
2025-09-19 05:17:30,1900-01-00 00:00:00,33385A,90:09:D0:6F:D7:FA,-75, WPA2 ,0.000000,0.000000,0.000,0.000,AP
2025-09-19 05:17:30,1900-01-00 00:00:00,33385A,90:09:D0:6F:D7:FA,-75, WPA2 ,0.000000,0.000000,0.000,0.000,AP
2025-09-19 05:17:30,1900-01-00 00:00:00,33385A,90:09:D0:6F:D7:FA,-75, WPA2 ,0.000000,0.000000,0.000,0.000,AP
2025-09-19 05:17:30,1900-01-00 00:00:00,33385A,90:09:D0:6F:D7:FA,-75, WPA2 ,0.000000,0.000000,0.000,0.000,AP
2025-09-19 05:17:30,1900-01-00 00:00:00,33385A,90:09:D0:6F:D7:FA,-75, WPA2 ,0.000000,0.000000,0.000,0.000,AP
2025-09-19 05:17:30,1900-01-00 00:00:00,33385A,90:09:D0:6F:D7:FA,-75, WPA2 ,0.000000,0.000000,0.000,0.000,AP
2025-09-19 05:17:30,1900-01-00 00:00:00,33385A,90:09:D0:6F:D7:FA,-75, WPA2 ,0.000000,0.000000,0.000,0.000,AP
2025-09-19 05:17:30,1900-01-00 00:00:00,33385A,90:09:D0:6F:D7:FA,-75, WPA2 ,0.000000,0.000000,0.000,0.000,AP
2025-09-19 05:17:30,1900-01-00 00:00:00,33385A,90:09:D0:6F:D7:FA,-75, WPA2 ,0.000000,0.000000,0.000,0.000,AP
2025-09-19 05:17:30,1900-01-00 00:00:00,33385A,90:09:D0:6F:D7:FA,-75, WPA2 ,0.000000,0.000000,0.000,0.000,AP
2025-09-19 05:17:30,1900-01-00 00:00:00,33385A,90:09:D0:6F:D7:FA,-75, WPA2 ,0.000000,0.000000,0.000,0.000,AP
2025-09-19 05:17:30,1900-01-00 00:00:00,33385A,90:09:D0:6F:D7:FA,-75, WPA2 ,0.000000,0.000000,0.000,0.000,AP
2025-09-19 05:17:30,1900-01-00 00:00:00,33385A,90:09:D0:6F:D7:FA,-75, WPA2 ,0.000000,0.000000,0.000,0.000,AP
2025-09-19 05:17:30,1900-01-00 00:00:00,33385A,90:09:D0:6F:D7:FA,-75, WPA2 ,0.000000,0.000000,0.000,0.000,AP
2025-09-19 05:17:30,1900-01-00 00:00:00,33385A,90:09:D0:6F:D7:FA,-75, WPA2 ,0.000000,0.000000,0.000,0.000,AP
2025-09-19 05:17:30,1900-01-00 00:00:00,33385A,90:09:D0:6F:D7:FA,-75, WPA2 ,0.000000,0.000000,0.000,0.000,AP
2025-09-19 05:17:30,1900-01-00 00:00:00,33385A,90:09:D0:6F:D7:FA,-75, WPA2 ,0.000000,0.000000,0.000,0.000,AP
2025-09-19 05:17:30,1900-01-00 00:00:00,33385A,90:09:D0:6F:D7:FA,-75, WPA2 ,0.000000,0.000000,0.000,0.000,AP
2025-09-19 05:17:30,1900-01-00 00:00:00,33385A,90:09:D0:6F:D7:FA,-75, WPA2 ,0.000000,0.000000,0.000,0.000,AP
2025-09-19 05:17:30,1900-01-00 00:00:00,33385A,90:09:D0:6F:D7:FA,-75, WPA2 ,0.000000,0.000000,0.000,0.000,AP
2025-09-19 05:17:30,1900-01-00 00:00:00,33385A,90:09:D0:6F:D7:FA,-75, WPA2 ,0.000000,0.000000,0.000,0.000,AP
2025-09-19 05:17:30,1900-01-00 00:00:00,33385A,90:09:D0:6F:D7:FA,-75, WPA2 ,0.000000,0.000000,0.000,0.000,AP
2025-09-19 05:17:30,1900-01-00 00:00:00,33385A,90:09:D0:6F:D7:FA,-75, WPA2 ,0.000000,0.000000,0.000,0.000,AP
2025-09-19 05:17:30,1900-01-00 00:00:00,33385A,90:09:D0:6F:D7:FA,-75, WPA2 ,0.000000,0.000000,0.000,0.000,AP
2025-09-19 05:17:30,1900-01-00 00:00:00,33385A,90:09:D0:6F:D7:FA,-75, WPA2 ,0.000000,0.000000,0.000,0.000,AP
2025-09-19 05:17:30,1900-01-00 00:00:00,33385A,90:09:D0:6F:D7:FA,-75, WPA2 ,0.000000,0.000000,0.000,0.000,AP
2025-09-19 05:17:30,1900-01-00 00:00:00,33385A,90:09:D0:6F:D7:FA,-75, WPA2 ,0.000000,0.000000,0.000,0.000,AP
2025-09-19 05:17:30,1900-01-00 00:00:00,33385A,90:09:D0:6F:D7:FA,-75, WPA2 ,0.000000,0.000000,0.000,0.000,AP
2025-09-19 05:17:30,1900-01-00 00:00:00,33385A,90:09:D0:6F:D7:FA,-75, WPA2 ,0.000000,0.000000,0.000,0.000,AP
2025-09-19 05:17:30,1900-01-00 00:00:00,33385A,90:09:D0:6F:D7:FA,-75, WPA2 ,0.000000,0.000000,0.000,0.000,AP
2025-09-19 05:17:30,1900-01-00 00:00:00,33385A,90:09:D0:6F:D7:FA,-75, WPA2 ,0.000000,0.000000,0.000,0.000,AP
2025-09-19 05:17:30,1900-01-00 00:00:00,33385A,90:09:D0:6F:D7:FA,-75, WPA2 ,0.000000,0.000000,0.000,0.000,AP
2025-09-19 05:17:30,1900-01-00 00:00:00,33385A,90:09:D0:6F:D7:FA,-75, WPA2 ,0.000000,0.000000,0.000,0.000,AP
2025-09-19 05:17:30,1900-01-00 00:00:00,33385A,90:09:D0:6F:D7:FA,-75, WPA2 ,0.000000,0.000000,0.000,0.000,AP
2025-09-19 05:17:30,1900-01-00 00:00:00,33385A,90:09:D0:6F:D7:FA,-75, WPA2 ,0.000000,0.000000,0.000,0.000,AP
2025-09-19 05:17:30,1900-01-00 00:00:00,33385A,90:09:D0:6F:D7:FA,-75, WPA2 ,0.000000,0.000000,0.000,0.000,AP
2025-09-19 05:17:30,1900-01-00 00:00:00,33385A,90:09:D0:6F:D7:FA,-75, WPA2 ,0.000000,0.000000,0.000,0.000,AP
2025-09-19 05:17:30,1900-01-00 00:00:00,33385A,90:09:D0:6F:D7:FA,-75, WPA2 ,0.000000,0.000000,0.000,0.000,AP
2025-09-19 05:17:30,1900-01-00 00:00:00,33385A,90:09:D0:6F:D7:FA,-75, WPA2 ,0.000000,0.000000,0.000,0.000,AP
2025-09-19 05:17:30,1900-01-00 00:00:00,33385A,90:09:D0:6F:D7:FA,-75, WPA2 ,0.000000,0.000000,0.000,0.000,AP
2025-09-19 05:17:30,1900-01-00 00:00:00,33385A,90:09:D0:6F:D7:FA,-77, WPA2 ,0.000000,0.000000,0.000,0.000,AP
2025-09-19 05:17:30,1900-01-00 00:00:00,33385A,90:09:D0:6F:D7:FA,-79, WPA2 ,0.000000,0.000000,0.000,0.000,AP
2025-09-19 05:17:30,1900-01-00 00:00:00,33385A,90:09:D0:6F:D7:FA,-75, WPA2 ,0.000000,0.000000,0.000,0.000,AP
2025-09-19 05:17:30,1900-01-00 00:00:00,33385A,90:09:D0:6F:D7:FA,-79, WPA2 ,0.000000,0.000000,0.000,0.000,AP
2025-09-19 05:17:30,1900-01-00 00:00:00,33385A,90:09:D0:6F:D7:FA,-79, WPA2 ,0.000000,0.000000,0.000,0.000,AP
2025-09-19 05:17:30,1900-01-00 00:00:00,33385A,90:09:D0:6F:D7:FA,-79, WPA2 ,0.000000,0.000000,0.000,0.000,AP
2025-09-19 05:17:30,1900-01-00 00:00:00,33385A,90:09:D0:6F:D7:FA,-79, WPA2 ,0.000000,0.000000,0.000,0.000,AP
2025-09-19 05:17:30,1900-01-00 00:00:00,33385A,90:09:D0:6F:D7:FA,-79, WPA2 ,0.000000,0.000000,0.000,0.000,AP
2025-09-19 05:17:30,1900-01-00 00:00:00,33385A,90:09:D0:6F:D7:FA,-79, WPA2 ,0.000000,0.000000,0.000,0.000,AP
2025-09-19 05:17:30,1900-01-00 00:00:00,33385A,90:09:D0:6F:D7:FA,-79, WPA2 ,0.000000,0.000000,0.000,0.000,AP
2025-09-19 05:17:30,1900-01-00 00:00:00,33385A,90:09:D0:6F:D7:FA,-79, WPA2 ,0.000000,0.000000,0.000,0.000,AP
2025-09-19 05:17:30,1900-01-00 00:00:00,33385A,90:09:D0:6F:D7:FA,-79, WPA2 ,0.000000,0.000000,0.000,0.000,AP
2025-09-19 05:17:30,1900-01-00 00:00:00,33385A,90:09:D0:6F:D7:FA,-79, WPA2 ,0.000000,0.000000,0.000,0.000,AP
2025-09-19 05:17:30,1900-01-00 00:00:00,33385A,90:09:D0:6F:D7:FA,-79, WPA2 ,0.000000,0.000000,0.000,0.000,AP
2025-09-19 05:17:30,1900-01-00 00:00:00,33385A,90:09:D0:6F:D7:FA,-79, WPA2 ,0.000000,0.000000,0.000,0.000,AP
2025-09-19 05:17:30,1900-01-00 00:00:00,33385A,90:09:D0:6F:D7:FA,-79, WPA2 ,0.000000,0.000000,0.000,0.000,AP
2025-09-19 05:17:30,1900-01-00 00:00:00,33385A,90:09:D0:6F:D7:FA,-79, WPA2 ,0.000000,0.000000,0.000,0.000,AP
2025-09-19 05:17:30,1900-01-00 00:00:00,33385A,90:09:D0:6F:D7:FA,-79, WPA2 ,0.000000,0.000000,0.000,0.000,AP
2025-09-19 05:17:30,1900-01-00 00:00:00,33385A,90:09:D0:6F:D7:FA,-79, WPA2 ,0.000000,0.000000,0.000,0.000,AP
2025-09-19 05:17:30,1900-01-00 00:00:00,33385A,90:09:D0:6F:D7:FA,-79, WPA2 ,0.000000,0.000000,0.000,0.000,AP
2025-09-19 05:17:30,1900-01-00 00:00:00,33385A,90:09:D0:6F:D7:FA,-79, WPA2 ,0.000000,0.000000,0.000,0.000,AP
2025-09-19 05:17:30,1900-01-00 00:00:00,33385A,90:09:D0:6F:D7:FA,-79, WPA2 ,0.000000,0.000000,0.000,0.000,AP
2025-09-19 05:17:30,1900-01-00 00:00:00,33385A,90:09:D0:6F:D7:FA,-79, WPA2 ,0.000000,0.000000,0.000,0.000,AP
2025-09-19 05:17:30,1900-01-00 00:00:00,33385A,90:09:D0:6F:D7:FA,-79, WPA2 ,0.000000,0.000000,0.000,0.000,AP
2025-09-19 05:17:30,1900-01-00 00:00:00,33385A,90:09:D0:6F:D7:FA,-79, WPA2 ,0.000000,0.000000,0.000,0.000,AP
2025-09-19 05:17:30,1900-01-00 00:00:00,33385A,90:09:D0:6F:D7:FA,-79, WPA2 ,0.000000,0.000000,0.000,0.000,AP
2025-09-19 05:17:30,1900-01-00 00:00:00,33385A,90:09:D0:6F:D7:FA,-79, WPA2 ,0.000000,0.000000,0.000,0.000,AP
2025-09-19 05:17:30,1900-01-00 00:00:00,33385A,90:09:D0:6F:D7:FA,-79, WPA2 ,0.000000,0.000000,0.000,0.000,AP
2025-09-19 05:17:30,1900-01-00 00:00:00,33385A,90:09:D0:6F:D7:FA,-79, WPA2 ,0.000000,0.000000,0.000,0.000,AP
2025-09-19 05:17:30,1900-01-00 00:00:00,33385A,90:09:D0:6F:D7:FA,-79, WPA2 ,0.000000,0.000000,0.000,0.000,AP
2025-09-19 05:17:30,1900-01-00 00:00:00,33385A,90:09:D0:6F:D7:FA,-79, WPA2 ,0.000000,0.000000,0.000,0.000,AP
2025-09-19 05:17:30,1900-01-00 00:00:00,33385A,90:09:D0:6F:D7:FA,-79, WPA2 ,0.000000,0.000000,0.000,0.000,AP
2025-09-19 05:17:30,1900-01-00 00:00:00,33385A,90:09:D0:6F:D7:FA,-79, WPA2 ,0.000000,0.000000,0.000,0.000,AP
2025-09-19 05:17:30,1900-01-00 00:00:00,33385A,90:09:D0:6F:D7:FA,-79, WPA2 ,0.000000,0.000000,0.000,0.000,AP
2025-09-19 05:17:30,1900-01-00 00:00:00,33385A,90:09:D0:6F:D7:FA,-79, WPA2 ,0.000000,0.000000,0.000,0.000,AP
2025-09-19 05:17:30,1900-01-00 00:00:00,33385A,90:09:D0:6F:D7:FA,-79, WPA2 ,0.000000,0.000000,0.000,0.000,AP
2025-09-19 05:17:30,1900-01-00 00:00:00,33385A,90:09:D0:6F:D7:FA,-79, WPA2 ,0.000000,0.000000,0.000,0.000,AP
2025-09-19 05:17:30,1900-01-00 00:00:00,33385A,90:09:D0:6F:D7:FA,-79, WPA2 ,0.000000,0.000000,0.000,0.000,AP
2025-09-19 05:17:30,1900-01-00 00:00:00,33385A,90:09:D0:6F:D7:FA,-79, WPA2 ,0.000000,0.000000,0.000,0.000,AP
2025-09-19 05:17:30,1900-01-00 00:00:00,33385A,90:09:D0:6F:D7:FA,-79, WPA2 ,0.000000,0.000000,0.000,0.000,AP
2025-09-19 05:17:30,1900-01-00 00:00:00,33385A,90:09:D0:6F:D7:FA,-79, WPA2 ,0.000000,0.000000,0.000,0.000,AP
2025-09-19 05:17:30,1900-01-00 00:00:00,33385A,90:09:D0:6F:D7:FA,-79, WPA2 ,0.000000,0.000000,0.000,0.000,AP
2025-09-19 05:17:30,1900-01-00 00:00:00,33385A,90:09:D0:6F:D7:FA,-79, WPA2 ,0.000000,0.000000,0.000,0.000,AP
2025-09-19 05:17:30,1900-01-00 00:00:00,33385A,90:09:D0:6F:D7:FA,-75, WPA2 ,0.000000,0.000000,0.000,0.000,AP
2025-09-19 05:17:30,1900-01-00 00:00:00,33385A,90:09:D0:6F:D7:FA,-75, WPA2 ,0.000000,0.000000,0.000,0.000,AP
2025-09-19 05:17:30,1900-01-00 00:00:00,33385A,90:09:D0:6F:D7:FA,-75, WPA2 ,0.000000,0.000000,0.000,0.000,AP
2025-09-19 05:17:30,1900-01-00 00:00:00,33385A,90:09:D0:6F:D7:FA,-79, WPA2 ,0.000000,0.000000,0.000,0.000,AP
2025-09-19 05:17:30,1900-01-00 00:00:00,33385A,90:09:D0:6F:D7:FA,-75, WPA2 ,0.000000,0.000000,0.000,0.000,AP
2025-09-19 05:17:30,1900-01-00 00:00:00,33385A,90:09:D0:6F:D7:FA,-75, WPA2 ,0.000000,0.000000,0.000,0.000,AP
2025-09-19 05:17:30,1900-01-00 00:00:00,33385A,90:09:D0:6F:D7:FA,-75, WPA2 ,0.000000,0.000000,0.000,0.000,AP
2025-09-19 05:17:30,1900-01-00 00:00:00,33385A,90:09:D0:6F:D7:FA,-75, WPA2 ,0.000000,0.000000,0.000,0.000,AP
2025-09-19 05:17:30,1900-01-00 00:00:00,33385A,90:09:D0:6F:D7:FA,-75, WPA2 ,0.000000,0.000000,0.000,0.000,AP
2025-09-19 05:17:30,1900-01-00 00:00:00,33385A,90:09:D0:6F:D7:FA,-75, WPA2 ,0.000000,0.000000,0.000,0.000,AP
2025-09-19 05:17:30,1900-01-00 00:00:00,33385A,90:09:D0:6F:D7:FA,-75, WPA2 ,0.000000,0.000000,0.000,0.000,AP
2025-09-19 05:17:30,1900-01-00 00:00:00,33385A,90:09:D0:6F:D7:FA,-75, WPA2 ,0.000000,0.000000,0.000,0.000,AP
2025-09-19 05:17:30,1900-01-00 00:00:00,33385A,90:09:D0:6F:D7:FA,-75, WPA2 ,0.000000,0.000000,0.000,0.000,AP
2025-09-19 05:17:30,1900-01-00 00:00:00,33385A,90:09:D0:6F:D7:FA,-75, WPA2 ,0.000000,0.000000,0.000,0.000,AP
2025-09-19 05:17:30,1900-01-00 00:00:00,33385A,90:09:D0:6F:D7:FA,-75, WPA2 ,0.000000,0.000000,0.000,0.000,AP
2025-09-19 05:17:30,1900-01-00 00:00:00,33385A,90:09:D0:6F:D7:FA,-75, WPA2 ,0.000000,0.000000,0.000,0.000,AP
2025-09-19 05:17:30,1900-01-00 00:00:00,33385A,90:09:D0:6F:D7:FA,-75, WPA2 ,0.000000,0.000000,0.000,0.000,AP
2025-09-19 05:17:30,1900-01-00 00:00:00,33385A,90:09:D0:6F:D7:FA,-75, WPA2 ,0.000000,0.000000,0.000,0.000,AP
2025-09-19 05:17:30,1900-01-00 00:00:00,33385A,90:09:D0:6F:D7:FA,-75, WPA2 ,0.000000,0.000000,0.000,0.000,AP
2025-09-19 05:17:30,1900-01-00 00:00:00,33385A,90:09:D0:6F:D7:FA,-75, WPA2 ,0.000000,0.000000,0.000,0.000,AP
2025-09-19 05:17:30,1900-01-00 00:00:00,33385A,90:09:D0:6F:D7:FA,-75, WPA2 ,0.000000,0.000000,0.000,0.000,AP
2025-09-19 05:17:30,1900-01-00 00:00:00,33385A,90:09:D0:6F:D7:FA,-75, WPA2 ,0.000000,0.000000,0.000,0.000,AP
2025-09-19 05:17:30,1900-01-00 00:00:00,33385A,90:09:D0:6F:D7:FA,-75, WPA2 ,0.000000,0.000000,0.000,0.000,AP
2025-09-19 05:17:30,1900-01-00 00:00:00,33385A,90:09:D0:6F:D7:FA,-75, WPA2 ,0.000000,0.000000,0.000,0.000,AP
2025-09-19 05:17:30,1900-01-00 00:00:00,33385A,90:09:D0:6F:D7:FA,-75, WPA2 ,0.000000,0.000000,0.000,0.000,AP
2025-09-19 05:17:30,1900-01-00 00:00:00,33385A,90:09:D0:6F:D7:FA,-75, WPA2 ,0.000000,0.000000,0.000,0.000,AP
2025-09-19 05:17:30,1900-01-00 00:00:00,33385A,90:09:D0:6F:D7:FA,-75, WPA2 ,0.000000,0.000000,0.000,0.000,AP
2025-09-19 05:17:30,1900-01-00 00:00:00,33385A,90:09:D0:6F:D7:FA,-75, WPA2 ,0.000000,0.000000,0.000,0.000,AP
2025-09-19 05:17:30,1900-01-00 00:00:00,33385A,90:09:D0:6F:D7:FA,-75, WPA2 ,0.000000,0.000000,0.000,0.000,AP
2025-09-19 05:17:30,1900-01-00 00:00:00,33385A,90:09:D0:6F:D7:FA,-75, WPA2 ,0.000000,0.000000,0.000,0.000,AP
2025-09-19 05:17:30,1900-01-00 00:00:00,33385A,90:09:D0:6F:D7:FA,-75, WPA2 ,0.000000,0.000000,0.000,0.000,AP
2025-09-19 05:17:30,1900-01-00 00:00:00,33385A,90:09:D0:6F:D7:FA,-75, WPA2 ,0.000000,0.000000,0.000,0.000,AP
2025-09-19 05:17:30,1900-01-00 00:00:00,33385A,90:09:D0:6F:D7:FA,-75, WPA2 ,0.000000,0.000000,0.000,0.000,AP
2025-09-19 05:17:30,1900-01-00 00:00:00,33385A,90:09:D0:6F:D7:FA,-75, WPA2 ,0.000000,0.000000,0.000,0.000,AP
2025-09-19 05:17:30,1900-01-00 00:00:00,33385A,90:09:D0:6F:D7:FA,-75, WPA2 ,0.000000,0.000000,0.000,0.000,AP
2025-09-19 05:17:30,1900-01-00 00:00:00,33385A,90:09:D0:6F:D7:FA,-75, WPA2 ,0.000000,0.000000,0.000,0.000,AP
2025-09-19 05:17:30,1900-01-00 00:00:00,33385A,90:09:D0:6F:D7:FA,-75, WPA2 ,0.000000,0.000000,0.000,0.000,AP
2025-09-19 05:17:30,1900-01-00 00:00:00,33385A,90:09:D0:6F:D7:FA,-75, WPA2 ,0.000000,0.000000,0.000,0.000,AP
2025-09-19 05:17:30,1900-01-00 00:00:00,33385A,90:09:D0:6F:D7:FA,-75, WPA2 ,0.000000,0.000000,0.000,0.000,AP
2025-09-19 05:17:30,1900-01-00 00:00:00,33385A,90:09:D0:6F:D7:FA,-75, WPA2 ,0.000000,0.000000,0.000,0.000,AP
2025-09-19 05:17:30,1900-01-00 00:00:00,33385A,90:09:D0:6F:D7:FA,-75, WPA2 ,0.000000,0.000000,0.000,0.000,AP
2025-09-19 05:17:30,1900-01-00 00:00:00,33385A,90:09:D0:6F:D7:FA,-75, WPA2 ,0.000000,0.000000,0.000,0.000,AP
2025-09-19 05:17:30,1900-01-00 00:00:00,33385A,90:09:D0:6F:D7:FA,-75, WPA2 ,0.000000,0.000000,0.000,0.000,AP
2025-09-19 05:17:30,1900-01-00 00:00:00,33385A,90:09:D0:6F:D7:FA,-75, WPA2 ,0.000000,0.000000,0.000,0.000,AP
2025-09-19 05:17:30,1900-01-00 00:00:00,33385A,90:09:D0:6F:D7:FA,-75, WPA2 ,0.000000,0.000000,0.000,0.000,AP
2025-09-19 05:17:30,1900-01-00 00:00:00,33385A,90:09:D0:6F:D7:FA,-75, WPA2 ,0.000000,0.000000,0.000,0.000,AP
2025-09-19 05:17:30,1900-01-00 00:00:00,33385A,90:09:D0:6F:D7:FA,-75, WPA2 ,0.000000,0.000000,0.000,0.000,AP
2025-09-19 05:17:30,1900-01-00 00:00:00,33385A,90:09:D0:6F:D7:FA,-75, WPA2 ,0.000000,0.000000,0.000,0.000,AP
2025-09-19 05:17:30,1900-01-00 00:00:00,33385A,90:09:D0:6F:D7:FA,-75, WPA2 ,0.000000,0.000000,0.000,0.000,AP
2025-09-19 05:17:30,1900-01-00 00:00:00,33385A,90:09:D0:6F:D7:FA,-75, WPA2 ,0.000000,0.000000,0.000,0.000,AP
2025-09-19 05:17:30,1900-01-00 00:00:00,33385A,90:09:D0:6F:D7:FA,-75, WPA2 ,0.000000,0.000000,0.000,0.000,AP
2025-09-19 05:17:30,1900-01-00 00:00:00,33385A,90:09:D0:6F:D7:FA,-75, WPA2 ,0.000000,0.000000,0.000,0.000,AP
2025-09-19 05:17:30,1900-01-00 00:00:00,33385A,90:09:D0:6F:D7:FA,-79, WPA2 ,0.000000,0.000000,0.000,0.000,AP
2025-09-19 05:17:30,1900-01-00 00:00:00,33385A,90:09:D0:6F:D7:FA,-79, WPA2 ,0.000000,0.000000,0.000,0.000,AP
2025-09-19 05:17:30,1900-01-00 00:00:00,33385A,90:09:D0:6F:D7:FA,-79, WPA2 ,0.000000,0.000000,0.000,0.000,AP
2025-09-19 05:17:30,1900-01-00 00:00:00,33385A,90:09:D0:6F:D7:FA,-79, WPA2 ,0.000000,0.000000,0.000,0.000,AP
2025-09-19 05:17:30,1900-01-00 00:00:00,33385A,90:09:D0:6F:D7:FA,-79, WPA2 ,0.000000,0.000000,0.000,0.000,AP
2025-09-19 05:17:30,1900-01-00 00:00:00,33385A,90:09:D0:6F:D7:FA,-79, WPA2 ,0.000000,0.000000,0.000,0.000,AP
2025-09-19 05:17:30,1900-01-00 00:00:00,33385A,90:09:D0:6F:D7:FA,-79, WPA2 ,0.000000,0.000000,0.000,0.000,AP
2025-09-19 05:17:30,1900-01-00 00:00:00,33385A,90:09:D0:6F:D7:FA,-79, WPA2 ,0.000000,0.000000,0.000,0.000,AP
2025-09-19 05:17:30,1900-01-00 00:00:00,33385A,90:09:D0:6F:D7:FA,-79, WPA2 ,0.000000,0.000000,0.000,0.000,AP
2025-09-19 05:17:30,1900-01-00 00:00:00,33385A,90:09:D0:6F:D7:FA,-79, WPA2 ,0.000000,0.000000,0.000,0.000,AP
2025-09-19 05:17:30,1900-01-00 00:00:00,33385A,90:09:D0:6F:D7:FA,-79, WPA2 ,0.000000,0.000000,0.000,0.000,AP
2025-09-19 05:17:30,1900-01-00 00:00:00,33385A,90:09:D0:6F:D7:FA,-79, WPA2 ,0.000000,0.000000,0.000,0.000,AP
2025-09-19 05:17:30,1900-01-00 00:00:00,33385A,90:09:D0:6F:D7:FA,-79, WPA2 ,0.000000,0.000000,0.000,0.000,AP
2025-09-19 05:17:30,1900-01-00 00:00:00,33385A,90:09:D0:6F:D7:FA,-79, WPA2 ,0.000000,0.000000,0.000,0.000,AP
2025-09-19 05:17:30,1900-01-00 00:00:00,33385A,90:09:D0:6F:D7:FA,-79, WPA2 ,0.000000,0.000000,0.000,0.000,AP
2025-09-19 05:17:30,1900-01-00 00:00:00,33385A,90:09:D0:6F:D7:FA,-79, WPA2 ,0.000000,0.000000,0.000,0.000,AP
2025-09-19 05:17:30,1900-01-00 00:00:00,33385A,90:09:D0:6F:D7:FA,-79, WPA2 ,0.000000,0.000000,0.000,0.000,AP
2025-09-19 05:17:30,1900-01-00 00:00:00,33385A,90:09:D0:6F:D7:FA,-79, WPA2 ,0.000000,0.000000,0.000,0.000,AP
2025-09-19 05:17:30,1900-01-00 00:00:00,33385A,90:09:D0:6F:D7:FA,-79, WPA2 ,0.000000,0.000000,0.000,0.000,AP
2025-09-19 05:17:30,1900-01-00 00:00:00,33385A,90:09:D0:6F:D7:FA,-79, WPA2 ,0.000000,0.000000,0.000,0.000,AP
2025-09-19 05:17:30,1900-01-00 00:00:00,33385A,90:09:D0:6F:D7:FA,-79, WPA2 ,0.000000,0.000000,0.000,0.000,AP
2025-09-19 05:17:30,1900-01-00 00:00:00,33385A,90:09:D0:6F:D7:FA,-79, WPA2 ,0.000000,0.000000,0.000,0.000,AP
2025-09-19 05:17:30,1900-01-00 00:00:00,33385A,90:09:D0:6F:D7:FA,-79, WPA2 ,0.000000,0.000000,0.000,0.000,AP
2025-09-19 05:17:30,1900-01-00 00:00:00,33385A,90:09:D0:6F:D7:FA,-79, WPA2 ,0.000000,0.000000,0.000,0.000,AP
2025-09-19 05:17:30,1900-01-00 00:00:00,33385A,90:09:D0:6F:D7:FA,-79, WPA2 ,0.000000,0.000000,0.000,0.000,AP
2025-09-19 05:17:30,1900-01-00 00:00:00,33385A,90:09:D0:6F:D7:FA,-79, WPA2 ,0.000000,0.000000,0.000,0.000,AP
2025-09-19 05:17:30,1900-01-00 00:00:00,33385A,90:09:D0:6F:D7:FA,-79, WPA2 ,0.000000,0.000000,0.000,0.000,AP
2025-09-19 05:17:30,1900-01-00 00:00:00,33385A,90:09:D0:6F:D7:FA,-79, WPA2 ,0.000000,0.000000,0.000,0.000,AP
2025-09-19 05:17:30,1900-01-00 00:00:00,33385A,90:09:D0:6F:D7:FA,-79, WPA2 ,0.000000,0.000000,0.000,0.000,AP
2025-09-19 05:17:30,1900-01-00 00:00:00,33385A,90:09:D0:6F:D7:FA,-79, WPA2 ,0.000000,0.000000,0.000,0.000,AP
2025-09-19 05:17:30,1900-01-00 00:00:00,33385A,90:09:D0:6F:D7:FA,-79, WPA2 ,0.000000,0.000000,0.000,0.000,AP
2025-09-19 05:17:30,1900-01-00 00:00:00,33385A,90:09:D0:6F:D7:FA,-79, WPA2 ,0.000000,0.000000,0.000,0.000,AP
2025-09-19 05:17:30,1900-01-00 00:00:00,33385A,90:09:D0:6F:D7:FA,-79, WPA2 ,0.000000,0.000000,0.000,0.000,AP
2025-09-19 05:17:30,1900-01-00 00:00:00,33385A,90:09:D0:6F:D7:FA,-79, WPA2 ,0.000000,0.000000,0.000,0.000,AP
2025-09-19 05:17:30,1900-01-00 00:00:00,33385A,90:09:D0:6F:D7:FA,-79, WPA2 ,0.000000,0.000000,0.000,0.000,AP
2025-09-19 05:17:30,1900-01-00 00:00:00,33385A,90:09:D0:6F:D7:FA,-75, WPA2 ,0.000000,0.000000,0.000,0.000,AP
2025-09-19 05:17:30,1900-01-00 00:00:00,33385A,90:09:D0:6F:D7:FA,-75, WPA2 ,0.000000,0.000000,0.000,0.000,AP
2025-09-19 05:17:30,1900-01-00 00:00:00,33385A,90:09:D0:6F:D7:FA,-75, WPA2 ,0.000000,0.000000,0.000,0.000,AP
2025-09-19 05:17:30,1900-01-00 00:00:00,33385A,90:09:D0:6F:D7:FA,-75, WPA2 ,0.000000,0.000000,0.000,0.000,AP
2025-09-19 05:17:30,1900-01-00 00:00:00,33385A,90:09:D0:6F:D7:FA,-75, WPA2 ,0.000000,0.000000,0.000,0.000,AP
2025-09-19 05:17:30,1900-01-00 00:00:00,33385A,90:09:D0:6F:D7:FA,-77, WPA2 ,0.000000,0.000000,0.000,0.000,AP
2025-09-19 05:17:30,1900-01-00 00:00:00,33385A,90:09:D0:6F:D7:FA,-75, WPA2 ,0.000000,0.000000,0.000,0.000,AP
2025-09-19 05:17:30,1900-01-00 00:00:00,33385A,90:09:D0:6F:D7:FA,-75, WPA2 ,0.000000,0.000000,0.000,0.000,AP
2025-09-19 05:17:30,1900-01-00 00:00:00,33385A,90:09:D0:6F:D7:FA,-75, WPA2 ,0.000000,0.000000,0.000,0.000,AP
2025-09-19 05:17:30,1900-01-00 00:00:00,33385A,90:09:D0:6F:D7:FA,-75, WPA2 ,0.000000,0.000000,0.000,0.000,AP
2025-09-19 05:17:30,1900-01-00 00:00:00,33385A,90:09:D0:6F:D7:FA,-75, WPA2 ,0.000000,0.000000,0.000,0.000,AP
2025-09-19 05:17:30,1900-01-00 00:00:00,33385A,90:09:D0:6F:D7:FA,-75, WPA2 ,0.000000,0.000000,0.000,0.000,AP
2025-09-19 05:17:30,1900-01-00 00:00:00,33385A,90:09:D0:6F:D7:FA,-75, WPA2 ,0.000000,0.000000,0.000,0.000,AP
2025-09-19 05:17:30,1900-01-00 00:00:00,33385A,90:09:D0:6F:D7:FA,-75, WPA2 ,0.000000,0.000000,0.000,0.000,AP
2025-09-19 05:17:30,1900-01-00 00:00:00,33385A,90:09:D0:6F:D7:FA,-75, WPA2 ,0.000000,0.000000,0.000,0.000,AP
2025-09-19 05:17:30,1900-01-00 00:00:00,33385A,90:09:D0:6F:D7:FA,-75, WPA2 ,0.000000,0.000000,0.000,0.000,AP
2025-09-19 05:17:30,1900-01-00 00:00:00,33385A,90:09:D0:6F:D7:FA,-75, WPA2 ,0.000000,0.000000,0.000,0.000,AP
2025-09-19 05:17:30,1900-01-00 00:00:00,33385A,90:09:D0:6F:D7:FA,-75, WPA2 ,0.000000,0.000000,0.000,0.000,AP
2025-09-19 05:17:30,1900-01-00 00:00:00,33385A,90:09:D0:6F:D7:FA,-75, WPA2 ,0.000000,0.000000,0.000,0.000,AP
2025-09-19 05:17:30,1900-01-00 00:00:00,33385A,90:09:D0:6F:D7:FA,-75, WPA2 ,0.000000,0.000000,0.000,0.000,AP
2025-09-19 05:17:30,1900-01-00 00:00:00,33385A,90:09:D0:6F:D7:FA,-75, WPA2 ,0.000000,0.000000,0.000,0.000,AP
2025-09-19 05:17:30,1900-01-00 00:00:00,33385A,90:09:D0:6F:D7:FA,-75, WPA2 ,0.000000,0.000000,0.000,0.000,AP
2025-09-19 05:17:30,1900-01-00 00:00:00,33385A,90:09:D0:6F:D7:FA,-75, WPA2 ,0.000000,0.000000,0.000,0.000,AP
2025-09-19 05:17:30,1900-01-00 00:00:00,33385A,90:09:D0:6F:D7:FA,-75, WPA2 ,0.000000,0.000000,0.000,0.000,AP
2025-09-19 05:17:30,1900-01-00 00:00:00,33385A,90:09:D0:6F:D7:FA,-75, WPA2 ,0.000000,0.000000,0.000,0.000,AP
2025-09-19 05:17:30,1900-01-00 00:00:00,33385A,90:09:D0:6F:D7:FA,-75, WPA2 ,0.000000,0.000000,0.000,0.000,AP
2025-09-19 05:17:30,1900-01-00 00:00:00,33385A,90:09:D0:6F:D7:FA,-75, WPA2 ,0.000000,0.000000,0.000,0.000,AP
2025-09-19 05:17:30,1900-01-00 00:00:00,33385A,90:09:D0:6F:D7:FA,-75, WPA2 ,0.000000,0.000000,0.000,0.000,AP
2025-09-19 05:17:30,1900-01-00 00:00:00,33385A,90:09:D0:6F:D7:FA,-75, WPA2 ,0.000000,0.000000,0.000,0.000,AP
2025-09-19 05:17:30,1900-01-00 00:00:00,33385A,90:09:D0:6F:D7:FA,-75, WPA2 ,0.000000,0.000000,0.000,0.000,AP
2025-09-19 05:17:30,1900-01-00 00:00:00,33385A,90:09:D0:6F:D7:FA,-75, WPA2 ,0.000000,0.000000,0.000,0.000,AP
2025-09-19 05:17:30,1900-01-00 00:00:00,33385A,90:09:D0:6F:D7:FA,-75, WPA2 ,0.000000,0.000000,0.000,0.000,AP
2025-09-19 05:17:30,1900-01-00 00:00:00,33385A,90:09:D0:6F:D7:FA,-75, WPA2 ,0.000000,0.000000,0.000,0.000,AP
2025-09-19 05:17:30,1900-01-00 00:00:00,33385A,90:09:D0:6F:D7:FA,-75, WPA2 ,0.000000,0.000000,0.000,0.000,AP
2025-09-19 05:17:30,1900-01-00 00:00:00,33385A,90:09:D0:6F:D7:FA,-75, WPA2 ,0.000000,0.000000,0.000,0.000,AP
2025-09-19 05:17:30,1900-01-00 00:00:00,33385A,90:09:D0:6F:D7:FA,-75, WPA2 ,0.000000,0.000000,0.000,0.000,AP
2025-09-19 05:17:30,1900-01-00 00:00:00,33385A,90:09:D0:6F:D7:FA,-75, WPA2 ,0.000000,0.000000,0.000,0.000,AP
2025-09-19 05:17:30,1900-01-00 00:00:00,33385A,90:09:D0:6F:D7:FA,-75, WPA2 ,0.000000,0.000000,0.000,0.000,AP
2025-09-19 05:17:30,1900-01-00 00:00:00,33385A,90:09:D0:6F:D7:FA,-75, WPA2 ,0.000000,0.000000,0.000,0.000,AP
2025-09-19 05:17:30,1900-01-00 00:00:00,33385A,90:09:D0:6F:D7:FA,-75, WPA2 ,0.000000,0.000000,0.000,0.000,AP
2025-09-19 05:17:30,1900-01-00 00:00:00,33385A,90:09:D0:6F:D7:FA,-75, WPA2 ,0.000000,0.000000,0.000,0.000,AP
2025-09-19 05:17:30,1900-01-00 00:00:00,33385A,90:09:D0:6F:D7:FA,-75, WPA2 ,0.000000,0.000000,0.000,0.000,AP
2025-09-19 05:17:30,1900-01-00 00:00:00,33385A,90:09:D0:6F:D7:FA,-75, WPA2 ,0.000000,0.000000,0.000,0.000,AP
2025-09-19 05:17:30,1900-01-00 00:00:00,33385A,90:09:D0:6F:D7:FA,-75, WPA2 ,0.000000,0.000000,0.000,0.000,AP
2025-09-19 05:17:30,1900-01-00 00:00:00,33385A,90:09:D0:6F:D7:FA,-75, WPA2 ,0.000000,0.000000,0.000,0.000,AP
2025-09-19 05:17:30,1900-01-00 00:00:00,33385A,90:09:D0:6F:D7:FA,-75, WPA2 ,0.000000,0.000000,0.000,0.000,AP
2025-09-19 05:17:30,1900-01-00 00:00:00,33385A,90:09:D0:6F:D7:FA,-75, WPA2 ,0.000000,0.000000,0.000,0.000,AP
2025-09-19 05:17:30,1900-01-00 00:00:00,33385A,90:09:D0:6F:D7:FA,-75, WPA2 ,0.000000,0.000000,0.000,0.000,AP
2025-09-19 05:17:30,1900-01-00 00:00:00,33385A,90:09:D0:6F:D7:FA,-75, WPA2 ,0.000000,0.000000,0.000,0.000,AP
2025-09-19 05:17:30,1900-01-00 00:00:00,33385A,90:09:D0:6F:D7:FA,-75, WPA2 ,0.000000,0.000000,0.000,0.000,AP
2025-09-19 05:17:30,1900-01-00 00:00:00,33385A,90:09:D0:6F:D7:FA,-75, WPA2 ,0.000000,0.000000,0.000,0.000,AP
2025-09-19 05:17:30,1900-01-00 00:00:00,33385A,90:09:D0:6F:D7:FA,-75, WPA2 ,0.000000,0.000000,0.000,0.000,AP
2025-09-19 05:17:30,1900-01-00 00:00:00,33385A,90:09:D0:6F:D7:FA,-75, WPA2 ,0.000000,0.000000,0.000,0.000,AP
2025-09-19 05:17:30,1900-01-00 00:00:00,33385A,90:09:D0:6F:D7:FA,-75, WPA2 ,0.000000,0.000000,0.000,0.000,AP
2025-09-19 05:17:30,1900-01-00 00:00:00,33385A,90:09:D0:6F:D7:FA,-75, WPA2 ,0.000000,0.000000,0.000,0.000,AP
2025-09-19 05:17:30,1900-01-00 00:00:00,33385A,90:09:D0:6F:D7:FA,-75, WPA2 ,0.000000,0.000000,0.000,0.000,AP
2025-09-19 05:17:30,1900-01-00 00:00:00,33385A,90:09:D0:6F:D7:FA,-75, WPA2 ,0.000000,0.000000,0.000,0.000,AP
2025-09-19 05:17:30,1900-01-00 00:00:00,33385A,90:09:D0:6F:D7:FA,-75, WPA2 ,0.000000,0.000000,0.000,0.000,AP
2025-09-19 05:17:30,1900-01-00 00:00:00,33385A,90:09:D0:6F:D7:FA,-75, WPA2 ,0.000000,0.000000,0.000,0.000,AP
2025-09-19 05:17:30,1900-01-00 00:00:00,33385A,90:09:D0:6F:D7:FA,-75, WPA2 ,0.000000,0.000000,0.000,0.000,AP
2025-09-19 05:17:30,1900-01-00 00:00:00,33385A,90:09:D0:6F:D7:FA,-75, WPA2 ,0.000000,0.000000,0.000,0.000,AP
2025-09-19 05:17:30,1900-01-00 00:00:00,33385A,90:09:D0:6F:D7:FA,-75, WPA2 ,0.000000,0.000000,0.000,0.000,AP
2025-09-19 05:17:30,1900-01-00 00:00:00,33385A,90:09:D0:6F:D7:FA,-75, WPA2 ,0.000000,0.000000,0.000,0.000,AP
2025-09-19 05:17:30,1900-01-00 00:00:00,33385A,90:09:D0:6F:D7:FA,-75, WPA2 ,0.000000,0.000000,0.000,0.000,AP
2025-09-19 05:17:30,1900-01-00 00:00:00,33385A,90:09:D0:6F:D7:FA,-75, WPA2 ,0.000000,0.000000,0.000,0.000,AP
2025-09-19 05:17:30,1900-01-00 00:00:00,33385A,90:09:D0:6F:D7:FA,-75, WPA2 ,0.000000,0.000000,0.000,0.000,AP
2025-09-19 05:17:30,1900-01-00 00:00:00,33385A,90:09:D0:6F:D7:FA,-75, WPA2 ,0.000000,0.000000,0.000,0.000,AP
2025-09-19 05:17:30,1900-01-00 00:00:00,33385A,90:09:D0:6F:D7:FA,-75, WPA2 ,0.000000,0.000000,0.000,0.000,AP
2025-09-19 05:17:30,1900-01-00 00:00:00,33385A,90:09:D0:6F:D7:FA,-75, WPA2 ,0.000000,0.000000,0.000,0.000,AP
2025-09-19 05:17:30,1900-01-00 00:00:00,33385A,90:09:D0:6F:D7:FA,-75, WPA2 ,0.000000,0.000000,0.000,0.000,AP
2025-09-19 05:17:30,1900-01-00 00:00:00,33385A,90:09:D0:6F:D7:FA,-75, WPA2 ,0.000000,0.000000,0.000,0.000,AP
2025-09-19 05:17:30,1900-01-00 00:00:00,33385A,90:09:D0:6F:D7:FA,-75, WPA2 ,0.000000,0.000000,0.000,0.000,AP
2025-09-19 05:17:30,1900-01-00 00:00:00,33385A,90:09:D0:6F:D7:FA,-75, WPA2 ,0.000000,0.000000,0.000,0.000,AP
2025-09-19 05:17:30,1900-01-00 00:00:00,33385A,90:09:D0:6F:D7:FA,-75, WPA2 ,0.000000,0.000000,0.000,0.000,AP
2025-09-19 05:17:30,1900-01-00 00:00:00,33385A,90:09:D0:6F:D7:FA,-75, WPA2 ,0.000000,0.000000,0.000,0.000,AP
2025-09-19 05:17:30,1900-01-00 00:00:00,33385A,90:09:D0:6F:D7:FA,-77, WPA2 ,0.000000,0.000000,0.000,0.000,AP
2025-09-19 05:17:30,1900-01-00 00:00:00,33385A,90:09:D0:6F:D7:FA,-77, WPA2 ,0.000000,0.000000,0.000,0.000,AP
2025-09-19 05:17:30,1900-01-00 00:00:00,33385A,90:09:D0:6F:D7:FA,-77, WPA2 ,0.000000,0.000000,0.000,0.000,AP
2025-09-19 05:17:30,1900-01-00 00:00:00,33385A,90:09:D0:6F:D7:FA,-77, WPA2 ,0.000000,0.000000,0.000,0.000,AP
2025-09-19 05:17:30,1900-01-00 00:00:00,33385A,90:09:D0:6F:D7:FA,-77, WPA2 ,0.000000,0.000000,0.000,0.000,AP
2025-09-19 05:17:30,1900-01-00 00:00:00,33385A,90:09:D0:6F:D7:FA,-77, WPA2 ,0.000000,0.000000,0.000,0.000,AP
2025-09-19 05:17:30,1900-01-00 00:00:00,33385A,90:09:D0:6F:D7:FA,-77, WPA2 ,0.000000,0.000000,0.000,0.000,AP
2025-09-19 05:17:30,1900-01-00 00:00:00,33385A,90:09:D0:6F:D7:FA,-77, WPA2 ,0.000000,0.000000,0.000,0.000,AP
2025-09-19 05:17:30,1900-01-00 00:00:00,33385A,90:09:D0:6F:D7:FA,-77, WPA2 ,0.000000,0.000000,0.000,0.000,AP
2025-09-19 05:17:30,1900-01-00 00:00:00,33385A,90:09:D0:6F:D7:FA,-77, WPA2 ,0.000000,0.000000,0.000,0.000,AP
2025-09-19 05:17:30,1900-01-00 00:00:00,33385A,90:09:D0:6F:D7:FA,-77, WPA2 ,0.000000,0.000000,0.000,0.000,AP
2025-09-19 05:17:30,1900-01-00 00:00:00,33385A,90:09:D0:6F:D7:FA,-77, WPA2 ,0.000000,0.000000,0.000,0.000,AP
2025-09-19 05:17:30,1900-01-00 00:00:00,33385A,90:09:D0:6F:D7:FA,-77, WPA2 ,0.000000,0.000000,0.000,0.000,AP
2025-09-19 05:17:30,1900-01-00 00:00:00,33385A,90:09:D0:6F:D7:FA,-77, WPA2 ,0.000000,0.000000,0.000,0.000,AP
2025-09-19 05:17:30,1900-01-00 00:00:00,33385A,90:09:D0:6F:D7:FA,-77, WPA2 ,0.000000,0.000000,0.000,0.000,AP
2025-09-19 05:17:30,1900-01-00 00:00:00,33385A,90:09:D0:6F:D7:FA,-77, WPA2 ,0.000000,0.000000,0.000,0.000,AP
2025-09-19 05:17:30,1900-01-00 00:00:00,33385A,90:09:D0:6F:D7:FA,-77, WPA2 ,0.000000,0.000000,0.000,0.000,AP
2025-09-19 05:17:30,1900-01-00 00:00:00,33385A,90:09:D0:6F:D7:FA,-77, WPA2 ,0.000000,0.000000,0.000,0.000,AP
2025-09-19 05:17:30,1900-01-00 00:00:00,33385A,90:09:D0:6F:D7:FA,-77, WPA2 ,0.000000,0.000000,0.000,0.000,AP
2025-09-19 05:17:30,1900-01-00 00:00:00,33385A,90:09:D0:6F:D7:FA,-77, WPA2 ,0.000000,0.000000,0.000,0.000,AP
2025-09-19 05:17:30,1900-01-00 00:00:00,33385A,90:09:D0:6F:D7:FA,-77, WPA2 ,0.000000,0.000000,0.000,0.000,AP
2025-09-19 05:17:30,1900-01-00 00:00:00,33385A,90:09:D0:6F:D7:FA,-77, WPA2 ,0.000000,0.000000,0.000,0.000,AP
2025-09-19 05:17:30,1900-01-00 00:00:00,33385A,90:09:D0:6F:D7:FA,-77, WPA2 ,0.000000,0.000000,0.000,0.000,AP
2025-09-19 05:17:30,1900-01-00 00:00:00,33385A,90:09:D0:6F:D7:FA,-77, WPA2 ,0.000000,0.000000,0.000,0.000,AP
2025-09-19 05:17:30,1900-01-00 00:00:00,33385A,90:09:D0:6F:D7:FA,-77, WPA2 ,0.000000,0.000000,0.000,0.000,AP
2025-09-19 05:17:30,1900-01-00 00:00:00,33385A,90:09:D0:6F:D7:FA,-77, WPA2 ,0.000000,0.000000,0.000,0.000,AP
2025-09-19 05:17:30,1900-01-00 00:00:00,33385A,90:09:D0:6F:D7:FA,-77, WPA2 ,0.000000,0.000000,0.000,0.000,AP
2025-09-19 05:17:30,1900-01-00 00:00:00,33385A,90:09:D0:6F:D7:FA,-77, WPA2 ,0.000000,0.000000,0.000,0.000,AP
2025-09-19 05:17:30,1900-01-00 00:00:00,33385A,90:09:D0:6F:D7:FA,-77, WPA2 ,0.000000,0.000000,0.000,0.000,AP
2025-09-19 05:17:30,1900-01-00 00:00:00,33385A,90:09:D0:6F:D7:FA,-77, WPA2 ,0.000000,0.000000,0.000,0.000,AP
2025-09-19 05:17:30,1900-01-00 00:00:00,33385A,90:09:D0:6F:D7:FA,-77, WPA2 ,0.000000,0.000000,0.000,0.000,AP
2025-09-19 05:17:30,1900-01-00 00:00:00,33385A,90:09:D0:6F:D7:FA,-77, WPA2 ,0.000000,0.000000,0.000,0.000,AP
2025-09-19 05:17:30,1900-01-00 00:00:00,33385A,90:09:D0:6F:D7:FA,-77, WPA2 ,0.000000,0.000000,0.000,0.000,AP
2025-09-19 05:17:30,1900-01-00 00:00:00,33385A,90:09:D0:6F:D7:FA,-77, WPA2 ,0.000000,0.000000,0.000,0.000,AP
2025-09-19 05:17:30,1900-01-00 00:00:00,33385A,90:09:D0:6F:D7:FA,-77, WPA2 ,0.000000,0.000000,0.000,0.000,AP
2025-09-19 05:17:30,1900-01-00 00:00:00,33385A,90:09:D0:6F:D7:FA,-77, WPA2 ,0.000000,0.000000,0.000,0.000,AP
2025-09-19 05:17:30,1900-01-00 00:00:00,33385A,90:09:D0:6F:D7:FA,-77, WPA2 ,0.000000,0.000000,0.000,0.000,AP
2025-09-19 05:17:30,1900-01-00 00:00:00,33385A,90:09:D0:6F:D7:FA,-77, WPA2 ,0.000000,0.000000,0.000,0.000,AP
2025-09-19 05:17:30,1900-01-00 00:00:00,33385A,90:09:D0:6F:D7:FA,-77, WPA2 ,0.000000,0.000000,0.000,0.000,AP
2025-09-19 05:17:30,1900-01-00 00:00:00,33385A,90:09:D0:6F:D7:FA,-77, WPA2 ,0.000000,0.000000,0.000,0.000,AP
2025-09-19 05:17:30,1900-01-00 00:00:00,33385A,90:09:D0:6F:D7:FA,-77, WPA2 ,0.000000,0.000000,0.000,0.000,AP
2025-09-19 05:17:30,1900-01-00 00:00:00,33385A,90:09:D0:6F:D7:FA,-77, WPA2 ,0.000000,0.000000,0.000,0.000,AP
2025-09-19 05:17:30,1900-01-00 00:00:00,33385A,90:09:D0:6F:D7:FA,-77, WPA2 ,0.000000,0.000000,0.000,0.000,AP
2025-09-19 05:17:30,1900-01-00 00:00:00,33385A,90:09:D0:6F:D7:FA,-77, WPA2 ,0.000000,0.000000,0.000,0.000,AP
2025-09-19 05:17:30,1900-01-00 00:00:00,33385A,90:09:D0:6F:D7:FA,-77, WPA2 ,0.000000,0.000000,0.000,0.000,AP
2025-09-19 05:17:30,1900-01-00 00:00:00,33385A,90:09:D0:6F:D7:FA,-75, WPA2 ,0.000000,0.000000,0.000,0.000,AP
2025-09-19 05:17:30,1900-01-00 00:00:00,33385A,90:09:D0:6F:D7:FA,-75, WPA2 ,0.000000,0.000000,0.000,0.000,AP
2025-09-19 05:17:30,1900-01-00 00:00:00,33385A,90:09:D0:6F:D7:FA,-75, WPA2 ,0.000000,0.000000,0.000,0.000,AP
2025-09-19 05:17:30,1900-01-00 00:00:00,33385A,90:09:D0:6F:D7:FA,-75, WPA2 ,0.000000,0.000000,0.000,0.000,AP
2025-09-19 05:17:30,1900-01-00 00:00:00,33385A,90:09:D0:6F:D7:FA,-75, WPA2 ,0.000000,0.000000,0.000,0.000,AP
2025-09-19 05:17:30,1900-01-00 00:00:00,33385A,90:09:D0:6F:D7:FA,-75, WPA2 ,0.000000,0.000000,0.000,0.000,AP
2025-09-19 05:17:30,1900-01-00 00:00:00,33385A,90:09:D0:6F:D7:FA,-75, WPA2 ,0.000000,0.000000,0.000,0.000,AP
2025-09-19 05:17:30,1900-01-00 00:00:00,33385A,90:09:D0:6F:D7:FA,-75, WPA2 ,0.000000,0.000000,0.000,0.000,AP
2025-09-19 05:17:30,1900-01-00 00:00:00,33385A,90:09:D0:6F:D7:FA,-75, WPA2 ,0.000000,0.000000,0.000,0.000,AP
2025-09-19 05:17:30,1900-01-00 00:00:00,33385A,90:09:D0:6F:D7:FA,-75, WPA2 ,0.000000,0.000000,0.000,0.000,AP
2025-09-19 05:17:31,1900-01-00 00:00:00,33385A,90:09:D0:6F:D7:FA,-75, WPA2 ,0.000000,0.000000,0.000,0.000,AP
2025-09-19 05:17:31,1900-01-00 00:00:00,33385A,90:09:D0:6F:D7:FA,-75, WPA2 ,0.000000,0.000000,0.000,0.000,AP
2025-09-19 05:17:31,1900-01-00 00:00:00,33385A,90:09:D0:6F:D7:FA,-75, WPA2 ,0.000000,0.000000,0.000,0.000,AP
2025-09-19 05:17:31,1900-01-00 00:00:00,33385A,90:09:D0:6F:D7:FA,-75, WPA2 ,0.000000,0.000000,0.000,0.000,AP
2025-09-19 05:17:31,1900-01-00 00:00:00,33385A,90:09:D0:6F:D7:FA,-75, WPA2 ,0.000000,0.000000,0.000,0.000,AP
2025-09-19 05:17:31,1900-01-00 00:00:00,33385A,90:09:D0:6F:D7:FA,-75, WPA2 ,0.000000,0.000000,0.000,0.000,AP
2025-09-19 05:17:31,1900-01-00 00:00:00,33385A,90:09:D0:6F:D7:FA,-75, WPA2 ,0.000000,0.000000,0.000,0.000,AP
2025-09-19 05:17:31,1900-01-00 00:00:00,33385A,90:09:D0:6F:D7:FA,-75, WPA2 ,0.000000,0.000000,0.000,0.000,AP
2025-09-19 05:17:31,1900-01-00 00:00:00,33385A,90:09:D0:6F:D7:FA,-75, WPA2 ,0.000000,0.000000,0.000,0.000,AP
2025-09-19 05:17:31,1900-01-00 00:00:00,33385A,90:09:D0:6F:D7:FA,-75, WPA2 ,0.000000,0.000000,0.000,0.000,AP
2025-09-19 05:17:31,1900-01-00 00:00:00,33385A,90:09:D0:6F:D7:FA,-75, WPA2 ,0.000000,0.000000,0.000,0.000,AP
2025-09-19 05:17:31,1900-01-00 00:00:00,33385A,90:09:D0:6F:D7:FA,-75, WPA2 ,0.000000,0.000000,0.000,0.000,AP
2025-09-19 05:17:31,1900-01-00 00:00:00,33385A,90:09:D0:6F:D7:FA,-75, WPA2 ,0.000000,0.000000,0.000,0.000,AP
2025-09-19 05:17:31,1900-01-00 00:00:00,33385A,90:09:D0:6F:D7:FA,-75, WPA2 ,0.000000,0.000000,0.000,0.000,AP
2025-09-19 05:17:31,1900-01-00 00:00:00,33385A,90:09:D0:6F:D7:FA,-75, WPA2 ,0.000000,0.000000,0.000,0.000,AP
2025-09-19 05:17:31,1900-01-00 00:00:00,33385A,90:09:D0:6F:D7:FA,-75, WPA2 ,0.000000,0.000000,0.000,0.000,AP
2025-09-19 05:17:31,1900-01-00 00:00:00,33385A,90:09:D0:6F:D7:FA,-75, WPA2 ,0.000000,0.000000,0.000,0.000,AP
2025-09-19 05:17:31,1900-01-00 00:00:00,33385A,90:09:D0:6F:D7:FA,-75, WPA2 ,0.000000,0.000000,0.000,0.000,AP
2025-09-19 05:17:31,1900-01-00 00:00:00,33385A,90:09:D0:6F:D7:FA,-75, WPA2 ,0.000000,0.000000,0.000,0.000,AP
2025-09-19 05:17:31,1900-01-00 00:00:00,33385A,90:09:D0:6F:D7:FA,-75, WPA2 ,0.000000,0.000000,0.000,0.000,AP
2025-09-19 05:17:31,1900-01-00 00:00:00,33385A,90:09:D0:6F:D7:FA,-75, WPA2 ,0.000000,0.000000,0.000,0.000,AP
2025-09-19 05:17:31,1900-01-00 00:00:00,33385A,90:09:D0:6F:D7:FA,-75, WPA2 ,0.000000,0.000000,0.000,0.000,AP
2025-09-19 05:17:31,1900-01-00 00:00:00,33385A,90:09:D0:6F:D7:FA,-75, WPA2 ,0.000000,0.000000,0.000,0.000,AP
2025-09-19 05:17:31,1900-01-00 00:00:00,33385A,90:09:D0:6F:D7:FA,-75, WPA2 ,0.000000,0.000000,0.000,0.000,AP
2025-09-19 05:17:31,1900-01-00 00:00:00,33385A,90:09:D0:6F:D7:FA,-75, WPA2 ,0.000000,0.000000,0.000,0.000,AP
2025-09-19 05:17:31,1900-01-00 00:00:00,33385A,90:09:D0:6F:D7:FA,-75, WPA2 ,0.000000,0.000000,0.000,0.000,AP
2025-09-19 05:17:31,1900-01-00 00:00:00,33385A,90:09:D0:6F:D7:FA,-75, WPA2 ,0.000000,0.000000,0.000,0.000,AP
2025-09-19 05:17:31,1900-01-00 00:00:00,33385A,90:09:D0:6F:D7:FA,-75, WPA2 ,0.000000,0.000000,0.000,0.000,AP
2025-09-19 05:17:31,1900-01-00 00:00:00,33385A,90:09:D0:6F:D7:FA,-75, WPA2 ,0.000000,0.000000,0.000,0.000,AP
2025-09-19 05:17:31,1900-01-00 00:00:00,33385A,90:09:D0:6F:D7:FA,-75, WPA2 ,0.000000,0.000000,0.000,0.000,AP
2025-09-19 05:17:31,1900-01-00 00:00:00,33385A,90:09:D0:6F:D7:FA,-75, WPA2 ,0.000000,0.000000,0.000,0.000,AP
2025-09-19 05:17:31,1900-01-00 00:00:00,33385A,90:09:D0:6F:D7:FA,-75, WPA2 ,0.000000,0.000000,0.000,0.000,AP
2025-09-19 05:17:31,1900-01-00 00:00:00,33385A,90:09:D0:6F:D7:FA,-75, WPA2 ,0.000000,0.000000,0.000,0.000,AP
2025-09-19 05:17:31,1900-01-00 00:00:00,33385A,90:09:D0:6F:D7:FA,-75, WPA2 ,0.000000,0.000000,0.000,0.000,AP
2025-09-19 05:17:31,1900-01-00 00:00:00,33385A,90:09:D0:6F:D7:FA,-75, WPA2 ,0.000000,0.000000,0.000,0.000,AP
2025-09-19 05:17:31,1900-01-00 00:00:00,33385A,90:09:D0:6F:D7:FA,-75, WPA2 ,0.000000,0.000000,0.000,0.000,AP
2025-09-19 05:17:31,1900-01-00 00:00:00,33385A,90:09:D0:6F:D7:FA,-75, WPA2 ,0.000000,0.000000,0.000,0.000,AP
2025-09-19 05:17:31,1900-01-00 00:00:00,33385A,90:09:D0:6F:D7:FA,-75, WPA2 ,0.000000,0.000000,0.000,0.000,AP
2025-09-19 05:17:31,1900-01-00 00:00:00,33385A,90:09:D0:6F:D7:FA,-75, WPA2 ,0.000000,0.000000,0.000,0.000,AP
2025-09-19 05:17:31,1900-01-00 00:00:00,33385A,90:09:D0:6F:D7:FA,-75, WPA2 ,0.000000,0.000000,0.000,0.000,AP
2025-09-19 05:17:31,1900-01-00 00:00:00,33385A,90:09:D0:6F:D7:FA,-75, WPA2 ,0.000000,0.000000,0.000,0.000,AP
2025-09-19 05:17:31,1900-01-00 00:00:00,33385A,90:09:D0:6F:D7:FA,-75, WPA2 ,0.000000,0.000000,0.000,0.000,AP
2025-09-19 05:17:31,1900-01-00 00:00:00,33385A,90:09:D0:6F:D7:FA,-75, WPA2 ,0.000000,0.000000,0.000,0.000,AP
2025-09-19 05:17:31,1900-01-00 00:00:00,33385A,90:09:D0:6F:D7:FA,-75, WPA2 ,0.000000,0.000000,0.000,0.000,AP
2025-09-19 05:17:31,1900-01-00 00:00:00,33385A,90:09:D0:6F:D7:FA,-75, WPA2 ,0.000000,0.000000,0.000,0.000,AP
2025-09-19 05:17:31,1900-01-00 00:00:00,33385A,90:09:D0:6F:D7:FA,-75, WPA2 ,0.000000,0.000000,0.000,0.000,AP
2025-09-19 05:17:31,1900-01-00 00:00:00,33385A,90:09:D0:6F:D7:FA,-75, WPA2 ,0.000000,0.000000,0.000,0.000,AP
2025-09-19 05:17:31,1900-01-00 00:00:00,33385A,90:09:D0:6F:D7:FA,-75, WPA2 ,0.000000,0.000000,0.000,0.000,AP
2025-09-19 05:17:31,1900-01-00 00:00:00,33385A,90:09:D0:6F:D7:FA,-75, WPA2 ,0.000000,0.000000,0.000,0.000,AP
2025-09-19 05:17:31,1900-01-00 00:00:00,33385A,90:09:D0:6F:D7:FA,-75, WPA2 ,0.000000,0.000000,0.000,0.000,AP
2025-09-19 05:17:31,1900-01-00 00:00:00,33385A,90:09:D0:6F:D7:FA,-75, WPA2 ,0.000000,0.000000,0.000,0.000,AP
2025-09-19 05:17:31,1900-01-00 00:00:00,33385A,90:09:D0:6F:D7:FA,-75, WPA2 ,0.000000,0.000000,0.000,0.000,AP
2025-09-19 05:17:31,1900-01-00 00:00:00,33385A,90:09:D0:6F:D7:FA,-75, WPA2 ,0.000000,0.000000,0.000,0.000,AP
2025-09-19 05:17:31,1900-01-00 00:00:00,33385A,90:09:D0:6F:D7:FA,-75, WPA2 ,0.000000,0.000000,0.000,0.000,AP
2025-09-19 05:17:31,1900-01-00 00:00:00,33385A,90:09:D0:6F:D7:FA,-77, WPA2 ,0.000000,0.000000,0.000,0.000,AP
2025-09-19 05:17:31,1900-01-00 00:00:00,33385A,90:09:D0:6F:D7:FA,-77, WPA2 ,0.000000,0.000000,0.000,0.000,AP
2025-09-19 05:17:31,1900-01-00 00:00:00,33385A,90:09:D0:6F:D7:FA,-77, WPA2 ,0.000000,0.000000,0.000,0.000,AP
2025-09-19 05:17:31,1900-01-00 00:00:00,33385A,90:09:D0:6F:D7:FA,-77, WPA2 ,0.000000,0.000000,0.000,0.000,AP
2025-09-19 05:17:31,1900-01-00 00:00:00,33385A,90:09:D0:6F:D7:FA,-77, WPA2 ,0.000000,0.000000,0.000,0.000,AP
2025-09-19 05:17:31,1900-01-00 00:00:00,33385A,90:09:D0:6F:D7:FA,-77, WPA2 ,0.000000,0.000000,0.000,0.000,AP
2025-09-19 05:17:31,1900-01-00 00:00:00,33385A,90:09:D0:6F:D7:FA,-77, WPA2 ,0.000000,0.000000,0.000,0.000,AP
2025-09-19 05:17:31,1900-01-00 00:00:00,33385A,90:09:D0:6F:D7:FA,-77, WPA2 ,0.000000,0.000000,0.000,0.000,AP
2025-09-19 05:17:31,1900-01-00 00:00:00,33385A,90:09:D0:6F:D7:FA,-77, WPA2 ,0.000000,0.000000,0.000,0.000,AP
2025-09-19 05:17:31,1900-01-00 00:00:00,33385A,90:09:D0:6F:D7:FA,-77, WPA2 ,0.000000,0.000000,0.000,0.000,AP
2025-09-19 05:17:31,1900-01-00 00:00:00,33385A,90:09:D0:6F:D7:FA,-77, WPA2 ,0.000000,0.000000,0.000,0.000,AP
2025-09-19 05:17:31,1900-01-00 00:00:00,33385A,90:09:D0:6F:D7:FA,-77, WPA2 ,0.000000,0.000000,0.000,0.000,AP
2025-09-19 05:17:31,1900-01-00 00:00:00,33385A,90:09:D0:6F:D7:FA,-77, WPA2 ,0.000000,0.000000,0.000,0.000,AP
2025-09-19 05:17:31,1900-01-00 00:00:00,33385A,90:09:D0:6F:D7:FA,-77, WPA2 ,0.000000,0.000000,0.000,0.000,AP
2025-09-19 05:17:31,1900-01-00 00:00:00,33385A,90:09:D0:6F:D7:FA,-77, WPA2 ,0.000000,0.000000,0.000,0.000,AP
2025-09-19 05:17:31,1900-01-00 00:00:00,33385A,90:09:D0:6F:D7:FA,-77, WPA2 ,0.000000,0.000000,0.000,0.000,AP
2025-09-19 05:17:31,1900-01-00 00:00:00,33385A,90:09:D0:6F:D7:FA,-77, WPA2 ,0.000000,0.000000,0.000,0.000,AP
2025-09-19 05:17:31,1900-01-00 00:00:00,33385A,90:09:D0:6F:D7:FA,-77, WPA2 ,0.000000,0.000000,0.000,0.000,AP
2025-09-19 05:17:31,1900-01-00 00:00:00,33385A,90:09:D0:6F:D7:FA,-77, WPA2 ,0.000000,0.000000,0.000,0.000,AP
2025-09-19 05:17:31,1900-01-00 00:00:00,33385A,90:09:D0:6F:D7:FA,-77, WPA2 ,0.000000,0.000000,0.000,0.000,AP
2025-09-19 05:17:31,1900-01-00 00:00:00,33385A,90:09:D0:6F:D7:FA,-77, WPA2 ,0.000000,0.000000,0.000,0.000,AP
2025-09-19 05:17:31,1900-01-00 00:00:00,33385A,90:09:D0:6F:D7:FA,-77, WPA2 ,0.000000,0.000000,0.000,0.000,AP
2025-09-19 05:17:31,1900-01-00 00:00:00,33385A,90:09:D0:6F:D7:FA,-77, WPA2 ,0.000000,0.000000,0.000,0.000,AP
2025-09-19 05:17:31,1900-01-00 00:00:00,33385A,90:09:D0:6F:D7:FA,-77, WPA2 ,0.000000,0.000000,0.000,0.000,AP
2025-09-19 05:17:31,1900-01-00 00:00:00,33385A,90:09:D0:6F:D7:FA,-77, WPA2 ,0.000000,0.000000,0.000,0.000,AP
2025-09-19 05:17:31,1900-01-00 00:00:00,33385A,90:09:D0:6F:D7:FA,-77, WPA2 ,0.000000,0.000000,0.000,0.000,AP
2025-09-19 05:17:31,1900-01-00 00:00:00,33385A,90:09:D0:6F:D7:FA,-77, WPA2 ,0.000000,0.000000,0.000,0.000,AP
2025-09-19 05:17:31,1900-01-00 00:00:00,33385A,90:09:D0:6F:D7:FA,-77, WPA2 ,0.000000,0.000000,0.000,0.000,AP
2025-09-19 05:17:31,1900-01-00 00:00:00,33385A,90:09:D0:6F:D7:FA,-77, WPA2 ,0.000000,0.000000,0.000,0.000,AP
2025-09-19 05:17:31,1900-01-00 00:00:00,33385A,90:09:D0:6F:D7:FA,-77, WPA2 ,0.000000,0.000000,0.000,0.000,AP
2025-09-19 05:17:31,1900-01-00 00:00:00,33385A,90:09:D0:6F:D7:FA,-77, WPA2 ,0.000000,0.000000,0.000,0.000,AP
2025-09-19 05:17:31,1900-01-00 00:00:00,33385A,90:09:D0:6F:D7:FA,-77, WPA2 ,0.000000,0.000000,0.000,0.000,AP
2025-09-19 05:17:31,1900-01-00 00:00:00,33385A,90:09:D0:6F:D7:FA,-77, WPA2 ,0.000000,0.000000,0.000,0.000,AP
2025-09-19 05:17:31,1900-01-00 00:00:00,33385A,90:09:D0:6F:D7:FA,-77, WPA2 ,0.000000,0.000000,0.000,0.000,AP
2025-09-19 05:17:31,1900-01-00 00:00:00,33385A,90:09:D0:6F:D7:FA,-77, WPA2 ,0.000000,0.000000,0.000,0.000,AP
2025-09-19 05:17:31,1900-01-00 00:00:00,33385A,90:09:D0:6F:D7:FA,-77, WPA2 ,0.000000,0.000000,0.000,0.000,AP
2025-09-19 05:17:31,1900-01-00 00:00:00,33385A,90:09:D0:6F:D7:FA,-77, WPA2 ,0.000000,0.000000,0.000,0.000,AP
2025-09-19 05:17:31,1900-01-00 00:00:00,33385A,90:09:D0:6F:D7:FA,-77, WPA2 ,0.000000,0.000000,0.000,0.000,AP
2025-09-19 05:17:31,1900-01-00 00:00:00,33385A,90:09:D0:6F:D7:FA,-77, WPA2 ,0.000000,0.000000,0.000,0.000,AP
2025-09-19 05:17:31,1900-01-00 00:00:00,33385A,90:09:D0:6F:D7:FA,-77, WPA2 ,0.000000,0.000000,0.000,0.000,AP
2025-09-19 05:17:31,1900-01-00 00:00:00,33385A,90:09:D0:6F:D7:FA,-77, WPA2 ,0.000000,0.000000,0.000,0.000,AP
2025-09-19 05:17:31,1900-01-00 00:00:00,33385A,90:09:D0:6F:D7:FA,-77, WPA2 ,0.000000,0.000000,0.000,0.000,AP
2025-09-19 05:17:31,1900-01-00 00:00:00,33385A,90:09:D0:6F:D7:FA,-77, WPA2 ,0.000000,0.000000,0.000,0.000,AP
2025-09-19 05:17:31,1900-01-00 00:00:00,33385A,90:09:D0:6F:D7:FA,-77, WPA2 ,0.000000,0.000000,0.000,0.000,AP
2025-09-19 05:17:31,1900-01-00 00:00:00,33385A,90:09:D0:6F:D7:FA,-77, WPA2 ,0.000000,0.000000,0.000,0.000,AP
2025-09-19 05:17:31,1900-01-00 00:00:00,33385A,90:09:D0:6F:D7:FA,-75, WPA2 ,0.000000,0.000000,0.000,0.000,AP
2025-09-19 05:17:31,1900-01-00 00:00:00,33385A,90:09:D0:6F:D7:FA,-75, WPA2 ,0.000000,0.000000,0.000,0.000,AP
2025-09-19 05:17:31,1900-01-00 00:00:00,33385A,90:09:D0:6F:D7:FA,-75, WPA2 ,0.000000,0.000000,0.000,0.000,AP
2025-09-19 05:17:31,1900-01-00 00:00:00,33385A,90:09:D0:6F:D7:FA,-75, WPA2 ,0.000000,0.000000,0.000,0.000,AP
2025-09-19 05:17:31,1900-01-00 00:00:00,33385A,90:09:D0:6F:D7:FA,-75, WPA2 ,0.000000,0.000000,0.000,0.000,AP
2025-09-19 05:17:31,1900-01-00 00:00:00,33385A,90:09:D0:6F:D7:FA,-75, WPA2 ,0.000000,0.000000,0.000,0.000,AP
2025-09-19 05:17:31,1900-01-00 00:00:00,33385A,90:09:D0:6F:D7:FA,-75, WPA2 ,0.000000,0.000000,0.000,0.000,AP
2025-09-19 05:17:31,1900-01-00 00:00:00,33385A,90:09:D0:6F:D7:FA,-75, WPA2 ,0.000000,0.000000,0.000,0.000,AP
2025-09-19 05:17:31,1900-01-00 00:00:00,33385A,90:09:D0:6F:D7:FA,-75, WPA2 ,0.000000,0.000000,0.000,0.000,AP
2025-09-19 05:17:31,1900-01-00 00:00:00,33385A,90:09:D0:6F:D7:FA,-75, WPA2 ,0.000000,0.000000,0.000,0.000,AP
2025-09-19 05:17:31,1900-01-00 00:00:00,33385A,90:09:D0:6F:D7:FA,-75, WPA2 ,0.000000,0.000000,0.000,0.000,AP
2025-09-19 05:17:31,1900-01-00 00:00:00,33385A,90:09:D0:6F:D7:FA,-75, WPA2 ,0.000000,0.000000,0.000,0.000,AP
2025-09-19 05:17:31,1900-01-00 00:00:00,33385A,90:09:D0:6F:D7:FA,-75, WPA2 ,0.000000,0.000000,0.000,0.000,AP
2025-09-19 05:17:31,1900-01-00 00:00:00,33385A,90:09:D0:6F:D7:FA,-75, WPA2 ,0.000000,0.000000,0.000,0.000,AP
2025-09-19 05:17:31,1900-01-00 00:00:00,33385A,90:09:D0:6F:D7:FA,-75, WPA2 ,0.000000,0.000000,0.000,0.000,AP
2025-09-19 05:17:31,1900-01-00 00:00:00,33385A,90:09:D0:6F:D7:FA,-75, WPA2 ,0.000000,0.000000,0.000,0.000,AP
2025-09-19 05:17:31,1900-01-00 00:00:00,33385A,90:09:D0:6F:D7:FA,-75, WPA2 ,0.000000,0.000000,0.000,0.000,AP
2025-09-19 05:17:31,1900-01-00 00:00:00,33385A,90:09:D0:6F:D7:FA,-75, WPA2 ,0.000000,0.000000,0.000,0.000,AP
2025-09-19 05:17:31,1900-01-00 00:00:00,33385A,90:09:D0:6F:D7:FA,-75, WPA2 ,0.000000,0.000000,0.000,0.000,AP
2025-09-19 05:17:31,1900-01-00 00:00:00,33385A,90:09:D0:6F:D7:FA,-75, WPA2 ,0.000000,0.000000,0.000,0.000,AP
2025-09-19 05:17:31,1900-01-00 00:00:00,33385A,90:09:D0:6F:D7:FA,-75, WPA2 ,0.000000,0.000000,0.000,0.000,AP
2025-09-19 05:17:31,1900-01-00 00:00:00,33385A,90:09:D0:6F:D7:FA,-75, WPA2 ,0.000000,0.000000,0.000,0.000,AP
2025-09-19 05:17:31,1900-01-00 00:00:00,33385A,90:09:D0:6F:D7:FA,-75, WPA2 ,0.000000,0.000000,0.000,0.000,AP
2025-09-19 05:17:31,1900-01-00 00:00:00,33385A,90:09:D0:6F:D7:FA,-75, WPA2 ,0.000000,0.000000,0.000,0.000,AP
2025-09-19 05:17:31,1900-01-00 00:00:00,33385A,90:09:D0:6F:D7:FA,-75, WPA2 ,0.000000,0.000000,0.000,0.000,AP
2025-09-19 05:17:31,1900-01-00 00:00:00,33385A,90:09:D0:6F:D7:FA,-75, WPA2 ,0.000000,0.000000,0.000,0.000,AP
2025-09-19 05:17:31,1900-01-00 00:00:00,33385A,90:09:D0:6F:D7:FA,-75, WPA2 ,0.000000,0.000000,0.000,0.000,AP
2025-09-19 05:17:31,1900-01-00 00:00:00,33385A,90:09:D0:6F:D7:FA,-75, WPA2 ,0.000000,0.000000,0.000,0.000,AP
2025-09-19 05:17:31,1900-01-00 00:00:00,33385A,90:09:D0:6F:D7:FA,-75, WPA2 ,0.000000,0.000000,0.000,0.000,AP
2025-09-19 05:17:31,1900-01-00 00:00:00,33385A,90:09:D0:6F:D7:FA,-75, WPA2 ,0.000000,0.000000,0.000,0.000,AP
2025-09-19 05:17:31,1900-01-00 00:00:00,33385A,90:09:D0:6F:D7:FA,-75, WPA2 ,0.000000,0.000000,0.000,0.000,AP
2025-09-19 05:17:31,1900-01-00 00:00:00,33385A,90:09:D0:6F:D7:FA,-75, WPA2 ,0.000000,0.000000,0.000,0.000,AP
2025-09-19 05:17:31,1900-01-00 00:00:00,33385A,90:09:D0:6F:D7:FA,-75, WPA2 ,0.000000,0.000000,0.000,0.000,AP
2025-09-19 05:17:31,1900-01-00 00:00:00,33385A,90:09:D0:6F:D7:FA,-75, WPA2 ,0.000000,0.000000,0.000,0.000,AP
2025-09-19 05:17:31,1900-01-00 00:00:00,33385A,90:09:D0:6F:D7:FA,-75, WPA2 ,0.000000,0.000000,0.000,0.000,AP
2025-09-19 05:17:31,1900-01-00 00:00:00,33385A,90:09:D0:6F:D7:FA,-75, WPA2 ,0.000000,0.000000,0.000,0.000,AP
2025-09-19 05:17:31,1900-01-00 00:00:00,33385A,90:09:D0:6F:D7:FA,-75, WPA2 ,0.000000,0.000000,0.000,0.000,AP
2025-09-19 05:17:31,1900-01-00 00:00:00,33385A,90:09:D0:6F:D7:FA,-75, WPA2 ,0.000000,0.000000,0.000,0.000,AP
2025-09-19 05:17:31,1900-01-00 00:00:00,33385A,90:09:D0:6F:D7:FA,-75, WPA2 ,0.000000,0.000000,0.000,0.000,AP
2025-09-19 05:17:31,1900-01-00 00:00:00,33385A,90:09:D0:6F:D7:FA,-75, WPA2 ,0.000000,0.000000,0.000,0.000,AP
2025-09-19 05:17:31,1900-01-00 00:00:00,33385A,90:09:D0:6F:D7:FA,-77, WPA2 ,0.000000,0.000000,0.000,0.000,AP
2025-09-19 05:17:31,1900-01-00 00:00:00,33385A,90:09:D0:6F:D7:FA,-75, WPA2 ,0.000000,0.000000,0.000,0.000,AP
2025-09-19 05:17:32,1900-01-00 00:00:00,33385A,90:09:D0:6F:D7:FA,-75, WPA2 ,0.000000,0.000000,0.000,0.000,AP
2025-09-19 05:17:32,1900-01-00 00:00:00,33385A,90:09:D0:6F:D7:FA,-79, WPA2 ,0.000000,0.000000,0.000,0.000,AP
2025-09-19 05:17:32,1900-01-00 00:00:00,33385A,90:09:D0:6F:D7:FA,-77, WPA2 ,0.000000,0.000000,0.000,0.000,AP
2025-09-19 05:17:32,1900-01-00 00:00:00,33385A,90:09:D0:6F:D7:FA,-77, WPA2 ,0.000000,0.000000,0.000,0.000,AP
2025-09-19 05:17:32,1900-01-00 00:00:00,33385A,90:09:D0:6F:D7:FA,-75, WPA2 ,0.000000,0.000000,0.000,0.000,AP
2025-09-19 05:17:32,1900-01-00 00:00:00,33385A,90:09:D0:6F:D7:FA,-75, WPA2 ,0.000000,0.000000,0.000,0.000,AP
2025-09-19 05:17:32,1900-01-00 00:00:00,33385A,90:09:D0:6F:D7:FA,-75, WPA2 ,0.000000,0.000000,0.000,0.000,AP
2025-09-19 05:17:32,1900-01-00 00:00:00,33385A,90:09:D0:6F:D7:FA,-77, WPA2 ,0.000000,0.000000,0.000,0.000,AP
2025-09-19 05:17:33,1900-01-00 00:00:00,33385A,90:09:D0:6F:D7:FA,-75, WPA2 ,0.000000,0.000000,0.000,0.000,AP
2025-09-19 05:17:33,1900-01-00 00:00:00,33385A,90:09:D0:6F:D7:FA,-75, WPA2 ,0.000000,0.000000,0.000,0.000,AP
2025-09-19 05:17:33,1900-01-00 00:00:00,33385A,90:09:D0:6F:D7:FA,-77, WPA2 ,0.000000,0.000000,0.000,0.000,AP
2025-09-19 05:17:33,1900-01-00 00:00:00,33385A,90:09:D0:6F:D7:FA,-75, WPA2 ,0.000000,0.000000,0.000,0.000,AP
2025-09-19 05:17:33,1900-01-00 00:00:00,33385A,90:09:D0:6F:D7:FA,-75, WPA2 ,0.000000,0.000000,0.000,0.000,AP
2025-09-19 05:17:33,1900-01-00 00:00:00,,58:BF:25:93:C4:08,-91,,0.000000,0.000000,0.000,0.000,Client
2025-09-19 05:17:33,1900-01-00 00:00:00,33385A,90:09:D0:6F:D7:FA,-77, WPA2 ,0.000000,0.000000,0.000,0.000,AP
2025-09-19 05:17:33,1900-01-00 00:00:00,,58:BF:25:93:C4:08,-89,,0.000000,0.000000,0.000,0.000,Client
2025-09-19 05:17:33,1900-01-00 00:00:00,33385A,90:09:D0:6F:D7:FA,-75, WPA2 ,0.000000,0.000000,0.000,0.000,AP
2025-09-19 05:17:33,1900-01-00 00:00:00,33385A,90:09:D0:6F:D7:FA,-79, WPA2 ,0.000000,0.000000,0.000,0.000,AP
2025-09-19 05:17:33,1900-01-00 00:00:00,33385A,90:09:D0:6F:D7:FA,-77, WPA2 ,0.000000,0.000000,0.000,0.000,AP
2025-09-19 05:17:33,1900-01-00 00:00:00,33385A,90:09:D0:6F:D7:FA,-75, WPA2 ,0.000000,0.000000,0.000,0.000,AP
2025-09-19 05:17:34,1900-01-00 00:00:00,33385A,90:09:D0:6F:D7:FA,-75, WPA2 ,0.000000,0.000000,0.000,0.000,AP
2025-09-19 05:17:34,1900-01-00 00:00:00,33385A,90:09:D0:6F:D7:FA,-75, WPA2 ,0.000000,0.000000,0.000,0.000,AP
2025-09-19 05:17:34,1900-01-00 00:00:00,33385A,90:09:D0:6F:D7:FA,-75, WPA2 ,0.000000,0.000000,0.000,0.000,AP
2025-09-19 05:17:34,1900-01-00 00:00:00,33385A,90:09:D0:6F:D7:FA,-75, WPA2 ,0.000000,0.000000,0.000,0.000,AP
2025-09-19 05:17:34,1900-01-00 00:00:00,33385A,90:09:D0:6F:D7:FA,-75, WPA2 ,0.000000,0.000000,0.000,0.000,AP
2025-09-19 05:17:34,1900-01-00 00:00:00,33385A,90:09:D0:6F:D7:FA,-77, WPA2 ,0.000000,0.000000,0.000,0.000,AP
2025-09-19 05:17:34,1900-01-00 00:00:00,33385A,90:09:D0:6F:D7:FA,-75, WPA2 ,0.000000,0.000000,0.000,0.000,AP
2025-09-19 05:17:34,1900-01-00 00:00:00,33385A,90:09:D0:6F:D7:FA,-75, WPA2 ,0.000000,0.000000,0.000,0.000,AP
2025-09-19 05:17:34,1900-01-00 00:00:00,33385A,90:09:D0:6F:D7:FA,-75, WPA2 ,0.000000,0.000000,0.000,0.000,AP
2025-09-19 05:17:34,1900-01-00 00:00:00,33385A,90:09:D0:6F:D7:FA,-79, WPA2 ,0.000000,0.000000,0.000,0.000,AP
2025-09-19 05:17:35,1900-01-00 00:00:00,33385A,90:09:D0:6F:D7:FA,-75, WPA2 ,0.000000,0.000000,0.000,0.000,AP
2025-09-19 05:17:35,1900-01-00 00:00:00,33385A,90:09:D0:6F:D7:FA,-75, WPA2 ,0.000000,0.000000,0.000,0.000,AP
2025-09-19 05:17:35,1900-01-00 00:00:00,33385A,90:09:D0:6F:D7:FA,-77, WPA2 ,0.000000,0.000000,0.000,0.000,AP
2025-09-19 05:17:35,1900-01-00 00:00:00,33385A,90:09:D0:6F:D7:FA,-75, WPA2 ,0.000000,0.000000,0.000,0.000,AP
2025-09-19 05:17:35,1900-01-00 00:00:00,33385A,90:09:D0:6F:D7:FA,-75, WPA2 ,0.000000,0.000000,0.000,0.000,AP
2025-09-19 05:17:35,1900-01-00 00:00:00,33385A,90:09:D0:6F:D7:FA,-75, WPA2 ,0.000000,0.000000,0.000,0.000,AP
2025-09-19 05:17:35,1900-01-00 00:00:00,33385A,90:09:D0:6F:D7:FA,-75, WPA2 ,0.000000,0.000000,0.000,0.000,AP
2025-09-19 05:17:35,1900-01-00 00:00:00,33385A,90:09:D0:6F:D7:FA,-75, WPA2 ,0.000000,0.000000,0.000,0.000,AP
2025-09-19 05:17:35,1900-01-00 00:00:00,33385A,90:09:D0:6F:D7:FA,-75, WPA2 ,0.000000,0.000000,0.000,0.000,AP
2025-09-19 05:17:35,1900-01-00 00:00:00,33385A,90:09:D0:6F:D7:FA,-77, WPA2 ,0.000000,0.000000,0.000,0.000,AP
2025-09-19 05:17:36,1900-01-00 00:00:00,33385A,90:09:D0:6F:D7:FA,-75, WPA2 ,0.000000,0.000000,0.000,0.000,AP
2025-09-19 05:17:36,1900-01-00 00:00:00,33385A,90:09:D0:6F:D7:FA,-75, WPA2 ,0.000000,0.000000,0.000,0.000,AP
2025-09-19 05:17:36,1900-01-00 00:00:00,33385A,90:09:D0:6F:D7:FA,-75, WPA2 ,0.000000,0.000000,0.000,0.000,AP
2025-09-19 05:17:36,1900-01-00 00:00:00,33385A,90:09:D0:6F:D7:FA,-75, WPA2 ,0.000000,0.000000,0.000,0.000,AP
2025-09-19 05:17:36,1900-01-00 00:00:00,33385A,90:09:D0:6F:D7:FA,-75, WPA2 ,0.000000,0.000000,0.000,0.000,AP
2025-09-19 05:17:36,1900-01-00 00:00:00,33385A,90:09:D0:6F:D7:FA,-68, WPA2 ,0.000000,0.000000,0.000,0.000,AP
2025-09-19 05:17:36,1900-01-00 00:00:00,33385A,90:09:D0:6F:D7:FA,-75, WPA2 ,0.000000,0.000000,0.000,0.000,AP
2025-09-19 05:17:36,1900-01-00 00:00:00,33385A,90:09:D0:6F:D7:FA,-79, WPA2 ,0.000000,0.000000,0.000,0.000,AP
2025-09-19 05:17:36,1900-01-00 00:00:00,33385A,90:09:D0:6F:D7:FA,-75, WPA2 ,0.000000,0.000000,0.000,0.000,AP
2025-09-19 05:17:36,1900-01-00 00:00:00,33385A,90:09:D0:6F:D7:FA,-77, WPA2 ,0.000000,0.000000,0.000,0.000,AP
2025-09-19 05:17:36,1900-01-00 00:00:00,33385A,90:09:D0:6F:D7:FA,-75, WPA2 ,0.000000,0.000000,0.000,0.000,AP
2025-09-19 05:17:36,1900-01-00 00:00:00,,58:BF:25:93:C4:08,-90,,0.000000,0.000000,0.000,0.000,Client
2025-09-19 05:17:37,1900-01-00 00:00:00,33385A,90:09:D0:6F:D7:FA,-75, WPA2 ,0.000000,0.000000,0.000,0.000,AP
2025-09-19 05:17:37,1900-01-00 00:00:00,33385A,90:09:D0:6F:D7:FA,-75, WPA2 ,0.000000,0.000000,0.000,0.000,AP
2025-09-19 05:17:37,1900-01-00 00:00:00,33385A,90:09:D0:6F:D7:FA,-75, WPA2 ,0.000000,0.000000,0.000,0.000,AP
2025-09-19 05:17:37,1900-01-00 00:00:00,33385A,90:09:D0:6F:D7:FA,-75, WPA2 ,0.000000,0.000000,0.000,0.000,AP
2025-09-19 05:17:37,1900-01-00 00:00:00,33385A,90:09:D0:6F:D7:FA,-75, WPA2 ,0.000000,0.000000,0.000,0.000,AP
2025-09-19 05:17:37,1900-01-00 00:00:00,33385A,90:09:D0:6F:D7:FA,-75, WPA2 ,0.000000,0.000000,0.000,0.000,AP
2025-09-19 05:17:37,1900-01-00 00:00:00,,0C:B8:15:5A:4C:EC,-61,,0.000000,0.000000,0.000,0.000,Client
2025-09-19 05:17:37,1900-01-00 00:00:00,33385A,90:09:D0:6F:D7:FA,-75, WPA2 ,0.000000,0.000000,0.000,0.000,AP
2025-09-19 05:17:37,1900-01-00 00:00:00,,0C:B8:15:5A:4C:EC,-61,,0.000000,0.000000,0.000,0.000,Client
2025-09-19 05:17:37,1900-01-00 00:00:00,33385A,90:09:D0:6F:D7:FA,-79, WPA2 ,0.000000,0.000000,0.000,0.000,AP
2025-09-19 05:17:37,1900-01-00 00:00:00,,0C:B8:15:5A:4C:EC,-75,,0.000000,0.000000,0.000,0.000,Client
2025-09-19 05:17:37,1900-01-00 00:00:00,33385A,90:09:D0:6F:D7:FA,-75, WPA2 ,0.000000,0.000000,0.000,0.000,AP
2025-09-19 05:17:37,1900-01-00 00:00:00,,0C:B8:15:5A:4C:EC,-74,,0.000000,0.000000,0.000,0.000,Client
2025-09-19 05:17:37,1900-01-00 00:00:00,,0C:B8:15:5A:4C:EC,-74,,0.000000,0.000000,0.000,0.000,Client
2025-09-19 05:17:37,1900-01-00 00:00:00,33385A,90:09:D0:6F:D7:FA,-75, WPA2 ,0.000000,0.000000,0.000,0.000,AP
2025-09-19 05:17:37,1900-01-00 00:00:00,33385A,90:09:D0:6F:D7:FA,-75, WPA2 ,0.000000,0.000000,0.000,0.000,AP
2025-09-19 05:17:37,1900-01-00 00:00:00,33385A,90:09:D0:6F:D7:FA,-75, WPA2 ,0.000000,0.000000,0.000,0.000,AP
2025-09-19 05:17:37,1900-01-00 00:00:00,33385A,90:09:D0:6F:D7:FA,-79, WPA2 ,0.000000,0.000000,0.000,0.000,AP
2025-09-19 05:17:37,1900-01-00 00:00:00,33385A,90:09:D0:6F:D7:FA,-79, WPA2 ,0.000000,0.000000,0.000,0.000,AP
2025-09-19 05:17:37,1900-01-00 00:00:00,,C4:DE:E2:5C:DE:1C,-87,,0.000000,0.000000,0.000,0.000,Client
2025-09-19 05:17:37,1900-01-00 00:00:00,,C4:DE:E2:5C:DE:1C,-87,,0.000000,0.000000,0.000,0.000,Client
2025-09-19 05:17:37,1900-01-00 00:00:00,33385A,90:09:D0:6F:D7:FA,-75, WPA2 ,0.000000,0.000000,0.000,0.000,AP
2025-09-19 05:17:37,1900-01-00 00:00:00,,C4:DE:E2:5C:DE:1C,-87,,0.000000,0.000000,0.000,0.000,Client
2025-09-19 05:17:37,1900-01-00 00:00:00,33385A,90:09:D0:6F:D7:FA,-79, WPA2 ,0.000000,0.000000,0.000,0.000,AP
2025-09-19 05:17:37,1900-01-00 00:00:00,33385A,90:09:D0:6F:D7:FA,-79, WPA2 ,0.000000,0.000000,0.000,0.000,AP
2025-09-19 05:17:37,1900-01-00 00:00:00,,C4:DE:E2:5C:DE:1C,-83,,0.000000,0.000000,0.000,0.000,Client
2025-09-19 05:17:37,1900-01-00 00:00:00,33385A,90:09:D0:6F:D7:FA,-77, WPA2 ,0.000000,0.000000,0.000,0.000,AP
2025-09-19 05:17:37,1900-01-00 00:00:00,,C4:DE:E2:5C:DE:1C,-84,,0.000000,0.000000,0.000,0.000,Client
